VideoID,Gloss
ASL_21577690984159714-DRINK.mp4,DRINK1
BAI_NO_now_021.mp4,NO
BAI_WHAT1_what_002.mp4,WHAT1
WLASL_WHY_63288.mp4,WHY
BAI_HELP_help_006.mp4,HELP
ASL_6436088371555648-YOU.mp4,YOU
ASL_35445730348954285-seedWHERE.mp4,WHERE
BAI_YES_eyes_001.mp4,YES
WLASL_YES_64281.mp4,YES
BAI_YES_yes_048.mp4,YES
WLASL_HELP_65890.mp4,HELP
ASL_8411284507702201-WANT 2.mp4,WANT1
BAI_SLEEP_sleep_012.mp4,SLEEP
BAI_WANT1_want_016.mp4,WANT1
WLASL_YOU_64434.mp4,YOU
BAI_DRINK1_drink_023.mp4,DRINK1
WLASL_WHERE_57827.mp4,WHERE
BAI_ME_me_020.mp4,ME
WLASL_WE_62778.mp4,WE
BAI_PLEASE_please_001.mp4,PLEASE
BAI_HELP_help_027.mp4,HELP
ASL_3614350392614152-WHERE.mp4,WHERE
BAI_YOU_you_033.mp4,YOU
ASL_8728839222341029-WHERE.mp4,WHERE
WLASL_GO_24952.mp4,GO
BAI_WANT1_want_005.mp4,WANT1
WLASL_WHERE_66774.mp4,WHERE
BAI_WHERE_here_038.mp4,WHERE
BAI_HAVE_have_017.mp4,HAVE
BAI_GO_go_025.mp4,GO
WLASL_DRINK1_17724.mp4,DRINK1
BAI_SORRY_sorry_025.mp4,SORRY
BAI_GOOD_good_010.mp4,GOOD
BAI_WAIT_waiter_009.mp4,WAIT
BAI_WAIT_waiter_002.mp4,WAIT
BAI_DRINK1_drink_039.mp4,DRINK1
ASL_7807683495721192-YOU.mp4,YOU
BAI_SORRY_worry_008.mp4,SORRY
ASL_17485211510665932-WHY.mp4,WHY
WLASL_HELLO_27173.mp4,HELLO
ASL_20125165654570076-WE.mp4,WE
BAI_PLEASE_please_033.mp4,PLEASE
WLASL_WE_62923.mp4,WE
BAI_WE_we_023.mp4,WE
BAI_NO_no_024.mp4,NO
BAI_BYE_bye_025.mp4,BYE
BAI_GOOD_good_033.mp4,GOOD
BAI_NO_no_008.mp4,NO
BAI_COME_come_012.mp4,COME
WLASL_EAT1_18335.mp4,EAT1
BAI_NO_now_013.mp4,NO
ASL_8834363279772663-GO.mp4,GO
ASL_7291224290785421-EAT.mp4,EAT1
ASL_8534077485600235-HELP.mp4,HELP
BAI_EAT1_eat_007.mp4,EAT1
BAI_STOP_stop_004.mp4,STOP
BAI_SORRY_sorry_039.mp4,SORRY
ASL_384440946378765-WAIT.mp4,WAIT
BAI_HELP_help_048.mp4,HELP
BAI_HAVE_have_037.mp4,HAVE
BAI_WHAT1_what_019.mp4,WHAT1
ASL_5199425437483545-SORRY.mp4,SORRY
ASL_16493550450776628-HELLO.mp4,HELLO
BAI_NO_now_032.mp4,NO
BAI_YES_eyes_015.mp4,YES
BAI_SORRY_sorry_001.mp4,SORRY
BAI_HELLO_hello_047.mp4,HELLO
WLASL_COME_11877.mp4,COME
BAI_DRINK1_drink_027.mp4,DRINK1
BAI_WHY_why_030.mp4,WHY
ASL_9953610281521326-YES.mp4,YES
ASL_6449139793505076-GOOD.mp4,GOOD
BAI_DRINK1_drink_019.mp4,DRINK1
BAI_WHERE_here_005.mp4,WHERE
BAI_HAVE_have_011.mp4,HAVE
BAI_GO_go_015.mp4,GO
BAI_YES_yes_041.mp4,YES
WLASL_SLEEP_52316.mp4,SLEEP
BAI_ME_me_013.mp4,ME
WLASL_NO_66183.mp4,NO
WLASL_BYE_08515.mp4,BYE
ASL_3247833356457248-NO.mp4,NO
BAI_PLEASE_please_003.mp4,PLEASE
ASL_38351738059429663-BYE.mp4,BYE
BAI_YES_yes_038.mp4,YES
WLASL_DRINK1_65540.mp4,DRINK1
BAI_DRINK1_drink_038.mp4,DRINK1
BAI_DRINK1_drink_017.mp4,DRINK1
BAI_YOU_your_031.mp4,YOU
WLASL_SORRY_63875.mp4,SORRY
WLASL_NO_38530.mp4,NO
WLASL_YES_64300.mp4,YES
BAI_GO_go_034.mp4,GO
ASL_6657698379837473-DRINK.mp4,DRINK1
BAI_COME_become_014.mp4,COME
WLASL_SORRY_53370.mp4,SORRY
BAI_GOOD_good_046.mp4,GOOD
ASL_4578901677582461-BYE.mp4,BYE
BAI_HELP_help_011.mp4,HELP
BAI_WHY_why_026.mp4,WHY
BAI_YOU_you_044.mp4,YOU
BAI_WHERE_where_016.mp4,WHERE
BAI_DRINK1_drink_045.mp4,DRINK1
ASL_48553283978859585-WHAT 2.mp4,WHAT1
ASL_6913451457780051-WE.mp4,WE
BAI_WHERE_here_012.mp4,WHERE
BAI_WANT1_want_042.mp4,WANT1
BAI_SLEEP_sleep_018.mp4,SLEEP
ASL_5589002661440625-WHERE.mp4,WHERE
BAI_STOP_stop_021.mp4,STOP
BAI_GOOD_good_042.mp4,GOOD
ASL_36979047566586587-WHY.mp4,WHY
WLASL_YOU_64428.mp4,YOU
ASL_029563612799205163-YES.mp4,YES
WLASL_DRINK1_17722.mp4,DRINK1
BAI_HAVE_have_024.mp4,HAVE
ASL_5018242902938022-HELLO.mp4,HELLO
BAI_WHAT1_what_028.mp4,WHAT1
WLASL_GO_24940.mp4,GO
WLASL_SLEEP_56290.mp4,SLEEP
ASL_5631016440125773-BYE.mp4,BYE
WLASL_HAVE_69360.mp4,HAVE
WLASL_GOOD_25076.mp4,GOOD
WLASL_SORRY_53371.mp4,SORRY
BAI_WANT1_want_038.mp4,WANT1
BAI_YOU_you_031.mp4,YOU
ASL_4923077555439661-SLEEP.mp4,SLEEP
ASL_21374230308157083-COME.mp4,COME
WLASL_WE_62774.mp4,WE
BAI_GOOD_good_005.mp4,GOOD
BAI_NO_no_006.mp4,NO
BAI_WE_we_015.mp4,WE
BAI_PLEASE_please_030.mp4,PLEASE
ASL_7403167170909308-COME.mp4,COME
ASL_28071486967073533-NEED.mp4,NEED
BAI_WE_wet_002.mp4,WE
WLASL_HAVE_65887.mp4,HAVE
WLASL_GOOD_25070.mp4,GOOD
ASL_9757502559319415-DRINK.mp4,DRINK1
BAI_WANT1_want_026.mp4,WANT1
BAI_SORRY_sorry_023.mp4,SORRY
ASL_5241068902608812-STOP.mp4,STOP
BAI_ME_me_033.mp4,ME
WLASL_SORRY_63876.mp4,SORRY
BAI_NEED_need_020.mp4,NEED
ASL_37918472044314444-DRINK.mp4,DRINK1
BAI_WHERE_where_006.mp4,WHERE
WLASL_YOU_64433.mp4,YOU
BAI_COME_become_015.mp4,COME
BAI_HELP_help_009.mp4,HELP
WLASL_SLEEP_52354.mp4,SLEEP
BAI_NO_no_021.mp4,NO
ASL_5339916560192981-HELLO.mp4,HELLO
BAI_SLEEP_sweep_010.mp4,SLEEP
BAI_HELP_help_028.mp4,HELP
BAI_WAIT_wait_010.mp4,WAIT
ASL_5205785031120291-WAIT.mp4,WAIT
BAI_WHERE_where_004.mp4,WHERE
BAI_PLEASE_please_008.mp4,PLEASE
ASL_2139029309275231-SLEEP.mp4,SLEEP
BAI_SORRY_sorry_021.mp4,SORRY
BAI_NEED_need_042.mp4,NEED
ASL_2117342026115856-SLEEP.mp4,SLEEP
BAI_GOOD_good_008.mp4,GOOD
WLASL_DRINK1_17713.mp4,DRINK1
BAI_HELP_help_022.mp4,HELP
BAI_SORRY_sorry_012.mp4,SORRY
ASL_16994877911771145-WE.mp4,WE
BAI_COME_come_010.mp4,COME
ASL_9401487196258995-HAVE.mp4,HAVE
BAI_GO_go_016.mp4,GO
BAI_DRINK1_drink_056.mp4,DRINK1
ASL_7988103105967095-GOOD.mp4,GOOD
WLASL_STOP_54923.mp4,STOP
BAI_HELP_help_010.mp4,HELP
ASL_1340650432799635-HELLO.mp4,HELLO
BAI_YES_yes_024.mp4,YES
WLASL_GO_24960.mp4,GO
BAI_WHERE_where_031.mp4,WHERE
BAI_WE_wet_017.mp4,WE
BAI_PLEASE_please_028.mp4,PLEASE
BAI_SORRY_sorry_016.mp4,SORRY
BAI_SLEEP_sheep_010.mp4,SLEEP
WLASL_THANKYOU_66598.mp4,THANKYOU
ASL_5297728342745216-NEED.mp4,NEED
BAI_SLEEP_sheep_014.mp4,SLEEP
BAI_SORRY_sorry_031.mp4,SORRY
BAI_HELLO_hello_037.mp4,HELLO
BAI_SLEEP_sleepy_015.mp4,SLEEP
BAI_SLEEP_sleep_011.mp4,SLEEP
BAI_WHAT1_what_029.mp4,WHAT1
BAI_GO_go_018.mp4,GO
ASL_8989337086309281-SORRY.mp4,SORRY
BAI_WHERE_there_003.mp4,WHERE
ASL_08622704664772152-ME.mp4,ME
ASL_7484839279145117-WE.mp4,WE
ASL_3076721990283171-WANT 2.mp4,WANT1
BAI_YOU_your_007.mp4,YOU
BAI_WAIT_waiter_001.mp4,WAIT
BAI_WAIT_waiter_007.mp4,WAIT
ASL_6565779108044556-WANT 2.mp4,WANT1
BAI_NO_now_005.mp4,NO
BAI_SLEEP_sleep_001.mp4,SLEEP
BAI_GO_go_040.mp4,GO
WLASL_GOOD_65832.mp4,GOOD
BAI_WE_we_001.mp4,WE
ASL_8607947465067156-WAIT.mp4,WAIT
BAI_WHAT1_what_005.mp4,WHAT1
ASL_0755679379568106-HELLO.mp4,HELLO
BAI_YOU_your_020.mp4,YOU
ASL_7525332129995586-NO.mp4,NO
BAI_NO_no_009.mp4,NO
ASL_5882347360908131-EAT.mp4,EAT1
BAI_ME_me_034.mp4,ME
BAI_COME_become_009.mp4,COME
BAI_DRINK1_drink_018.mp4,DRINK1
ASL_36995928249155363-BYE.mp4,BYE
BAI_NO_now_018.mp4,NO
WLASL_DRINK1_17709.mp4,DRINK1
BAI_NO_now_039.mp4,NO
BAI_NO_not_003.mp4,NO
BAI_EAT1_eat_005.mp4,EAT1
ASL_4382571867616978-HELP.mp4,HELP
BAI_YES_eyes_011.mp4,YES
ASL_3904115149763827-GO.mp4,GO
ASL_33555147348315106-EAT.mp4,EAT1
BAI_HAVE_have_023.mp4,HAVE
WLASL_THANKYOU_57656.mp4,THANKYOU
ASL_4327026387490418-BYE.mp4,BYE
BAI_NEED_need_009.mp4,NEED
WLASL_NEED_37884.mp4,NEED
ASL_8969965061622676-WHERE.mp4,WHERE
BAI_YES_yes_051.mp4,YES
BAI_WHY_why_035.mp4,WHY
BAI_WANT1_want_002.mp4,WANT1
BAI_YES_yes_060.mp4,YES
BAI_WHERE_here_048.mp4,WHERE
WLASL_WHY_63287.mp4,WHY
BAI_WANT1_want_046.mp4,WANT1
WLASL_SORRY_53366.mp4,SORRY
ASL_5363852654946244-GO.mp4,GO
BAI_GOOD_good_047.mp4,GOOD
ASL_5847293981432022-EAT.mp4,EAT1
ASL_8779944008396092-BYE.mp4,BYE
BAI_SLEEP_sheep_007.mp4,SLEEP
BAI_WHAT1_what_014.mp4,WHAT1
ASL_5584013314005547-WHY.mp4,WHY
ASL_27618561187311874-WANT 2.mp4,WANT1
WLASL_COME_05616.mp4,COME
ASL_6400788027798874-PLEASE.mp4,PLEASE
ASL_008533489727754251-EAT.mp4,EAT1
WLASL_WAIT_62103.mp4,WAIT
BAI_NO_not_028.mp4,NO
BAI_SORRY_worry_003.mp4,SORRY
BAI_YOU_you_009.mp4,YOU
ASL_05614933522741539-HELLO.mp4,HELLO
WLASL_NEED_37881.mp4,NEED
BAI_YES_yes_050.mp4,YES
BAI_YOU_your_006.mp4,YOU
BAI_BYE_bye_003.mp4,BYE
BAI_HELP_help_035.mp4,HELP
BAI_WHERE_where_032.mp4,WHERE
ASL_9960146118001314-PLEASE.mp4,PLEASE
BAI_COME_become_004.mp4,COME
ASL_6645554412949413-NO.mp4,NO
BAI_GO_go_021.mp4,GO
BAI_NEED_need_022.mp4,NEED
BAI_BYE_bye_026.mp4,BYE
BAI_HAVE_have_039.mp4,HAVE
BAI_GO_go_014.mp4,GO
WLASL_YOU_64379.mp4,YOU
BAI_PLEASE_please_021.mp4,PLEASE
BAI_YOU_you_008.mp4,YOU
BAI_ME_me_027.mp4,ME
BAI_NEED_need_033.mp4,NEED
ASL_014439537236845323-THANK YOU.mp4,THANKYOU
BAI_NO_now_019.mp4,NO
BAI_NEED_need_054.mp4,NEED
BAI_GOOD_good_014.mp4,GOOD
BAI_HAVE_have_003.mp4,HAVE
BAI_WAIT_waiter_005.mp4,WAIT
BAI_HELLO_hello_027.mp4,HELLO
ASL_09953879192572268-seedHELP.mp4,HELP
BAI_WAIT_wait_021.mp4,WAIT
ASL_27179636245697747-GOOD.mp4,GOOD
BAI_SORRY_sorry_029.mp4,SORRY
ASL_18053723532999788-PLEASE.mp4,PLEASE
BAI_PLEASE_please_005.mp4,PLEASE
BAI_WHY_why_005.mp4,WHY
BAI_COME_come_009.mp4,COME
ASL_9563854183405713-DRINK.mp4,DRINK1
WLASL_WAIT_62087.mp4,WAIT
ASL_9645970507449169-SORRY.mp4,SORRY
ASL_5521129539800975-YOU.mp4,YOU
ASL_4545746926162382-ME.mp4,ME
BAI_PLEASE_please_034.mp4,PLEASE
WLASL_WHERE_63091.mp4,WHERE
BAI_NO_now_007.mp4,NO
WLASL_SORRY_53367.mp4,SORRY
WLASL_NO_38999.mp4,NO
BAI_YES_yes_046.mp4,YES
BAI_WANT1_want_025.mp4,WANT1
BAI_NO_no_054.mp4,NO
BAI_SORRY_worry_009.mp4,SORRY
ASL_7971194940709927-SLEEP.mp4,SLEEP
BAI_BYE_bye_004.mp4,BYE
WLASL_DRINK1_17734.mp4,DRINK1
WLASL_COME_11878.mp4,COME
ASL_9902995590504236-YOU.mp4,YOU
BAI_WAIT_waiter_004.mp4,WAIT
BAI_YOU_you_018.mp4,YOU
ASL_7764581525163443-COME.mp4,COME
BAI_PLEASE_please_046.mp4,PLEASE
BAI_YES_yes_019.mp4,YES
BAI_EAT1_eat_064.mp4,EAT1
BAI_WHY_why_002.mp4,WHY
BAI_YOU_you_029.mp4,YOU
BAI_YES_yes_029.mp4,YES
BAI_GOOD_good_011.mp4,GOOD
BAI_WE_we_006.mp4,WE
BAI_YES_yes_026.mp4,YES
ASL_8907945228853642-WHAT 2.mp4,WHAT1
BAI_ME_me_021.mp4,ME
BAI_HAVE_have_038.mp4,HAVE
WLASL_WAIT_62107.mp4,WAIT
WLASL_WANT1_62245.mp4,WANT1
WLASL_GOOD_25069.mp4,GOOD
ASL_3227845753007452-WHERE.mp4,WHERE
BAI_WHAT1_what_047.mp4,WHAT1
ASL_11854818371036102-PLEASE.mp4,PLEASE
BAI_WE_we_007.mp4,WE
BAI_YES_eyes_005.mp4,YES
ASL_5985508360496106-WHERE.mp4,WHERE
ASL_8172430267718573-seedNEED.mp4,NEED
ASL_1529448369800237-EAT.mp4,EAT1
BAI_WANT1_want_013.mp4,WANT1
ASL_8841964348021558-HELLO.mp4,HELLO
ASL_8279377520732154-WE.mp4,WE
WLASL_YES_64280.mp4,YES
BAI_HELP_help_029.mp4,HELP
BAI_COME_come_002.mp4,COME
WLASL_WHERE_57826.mp4,WHERE
WLASL_GOOD_69347.mp4,GOOD
WLASL_SORRY_53375.mp4,SORRY
BAI_GO_go_036.mp4,GO
BAI_GO_go_005.mp4,GO
ASL_08177526594355822-SLEEP.mp4,SLEEP
ASL_27472288337812434-COME.mp4,COME
BAI_WHERE_here_021.mp4,WHERE
ASL_48459131285186974-WHY.mp4,WHY
ASL_6718223980213671-WHAT 2.mp4,WHAT1
BAI_EAT1_eat_038.mp4,EAT1
WLASL_GOOD_25067.mp4,GOOD
BAI_NO_now_041.mp4,NO
ASL_7965960158855614-SORRY.mp4,SORRY
BAI_DRINK1_drink_028.mp4,DRINK1
ASL_016569277193326126-SLEEP.mp4,SLEEP
BAI_NO_not_020.mp4,NO
BAI_WHERE_where_013.mp4,WHERE
BAI_SLEEP_sweep_018.mp4,SLEEP
BAI_NO_now_015.mp4,NO
WLASL_YOU_64391.mp4,YOU
BAI_WHERE_there_011.mp4,WHERE
WLASL_COME_11884.mp4,COME
BAI_YOU_you_049.mp4,YOU
BAI_COME_become_010.mp4,COME
BAI_YOU_you_017.mp4,YOU
ASL_08375958886756041-WANT 2.mp4,WANT1
BAI_WAIT_wait_017.mp4,WAIT
ASL_6788237257016723-THANK YOU.mp4,THANKYOU
BAI_NO_no_041.mp4,NO
WLASL_SLEEP_56281.mp4,SLEEP
ASL_44272136216354463-PLEASE.mp4,PLEASE
BAI_DRINK1_drink_052.mp4,DRINK1
ASL_6635655797958437-NEED.mp4,NEED
ASL_17487361670794144-BYE.mp4,BYE
WLASL_WE_62922.mp4,WE
BAI_HELLO_hello_024.mp4,HELLO
BAI_ME_me_029.mp4,ME
BAI_HELLO_hello_020.mp4,HELLO
ASL_6537841190153333-SLEEP.mp4,SLEEP
BAI_BYE_bye_007.mp4,BYE
BAI_SLEEP_sweep_012.mp4,SLEEP
BAI_NO_no_062.mp4,NO
ASL_1861131167759893-WHY.mp4,WHY
BAI_WHAT1_what_023.mp4,WHAT1
BAI_SORRY_sorry_010.mp4,SORRY
BAI_PLEASE_please_025.mp4,PLEASE
ASL_6936039479099299-PLEASE.mp4,PLEASE
ASL_14991994807763365-WANT 2.mp4,WANT1
BAI_WHAT1_what_017.mp4,WHAT1
ASL_28568795533708613-seedSLEEP.mp4,SLEEP
BAI_GO_go_002.mp4,GO
ASL_23051551564122996-WHAT 2.mp4,WHAT1
ASL_9782863224987515-YES.mp4,YES
ASL_32542343160867326-BYE.mp4,BYE
BAI_SLEEP_sleep_014.mp4,SLEEP
WLASL_ME_35548.mp4,ME
ASL_35038040842137197-YOU.mp4,YOU
ASL_8852825102646966-BYE.mp4,BYE
WLASL_YOU_64429.mp4,YOU
ASL_15735328773357837-WHY.mp4,WHY
ASL_5600935739224888-DRINK.mp4,DRINK1
BAI_EAT1_eat_010.mp4,EAT1
ASL_7513104867958282-HAVE.mp4,HAVE
BAI_SLEEP_sweep_019.mp4,SLEEP
WLASL_THANKYOU_57659.mp4,THANKYOU
BAI_YES_yes_007.mp4,YES
BAI_NO_no_023.mp4,NO
ASL_19195912453679753-GO.mp4,GO
BAI_WHAT1_what_027.mp4,WHAT1
BAI_YES_yes_032.mp4,YES
ASL_6330153558265055-NEED.mp4,NEED
BAI_WHERE_here_014.mp4,WHERE
BAI_EAT1_eat_050.mp4,EAT1
WLASL_WHY_66781.mp4,WHY
BAI_HELP_help_012.mp4,HELP
ASL_6528064521146906-THANK YOU.mp4,THANKYOU
ASL_9981647509356435-GO.mp4,GO
ASL_787967286498557-STOP.mp4,STOP
BAI_YOU_you_036.mp4,YOU
BAI_SLEEP_sheep_002.mp4,SLEEP
BAI_EAT1_eat_049.mp4,EAT1
ASL_30544213991231106-GO.mp4,GO
BAI_COME_come_008.mp4,COME
WLASL_STOP_54928.mp4,STOP
ASL_2576140497310784-ME.mp4,ME
ASL_1506254664622797-ME.mp4,ME
BAI_DRINK1_drink_051.mp4,DRINK1
BAI_PLEASE_please_020.mp4,PLEASE
BAI_NO_no_034.mp4,NO
ASL_6392085873567048-WHY.mp4,WHY
BAI_NO_now_044.mp4,NO
BAI_NEED_need_034.mp4,NEED
BAI_PLEASE_please_042.mp4,PLEASE
BAI_EAT1_eat_002.mp4,EAT1
BAI_NEED_need_013.mp4,NEED
BAI_YOU_you_003.mp4,YOU
BAI_STOP_stop_018.mp4,STOP
WLASL_SLEEP_52317.mp4,SLEEP
BAI_WHERE_here_041.mp4,WHERE
BAI_YOU_your_008.mp4,YOU
BAI_COME_become_016.mp4,COME
ASL_00792407895198255-SLEEP.mp4,SLEEP
BAI_ME_me_004.mp4,ME
BAI_HAVE_have_036.mp4,HAVE
BAI_SLEEP_sleepy_018.mp4,SLEEP
ASL_7071450710791192-DRINK.mp4,DRINK1
BAI_GOOD_good_004.mp4,GOOD
ASL_8801721942460268-PLEASE.mp4,PLEASE
BAI_NO_now_001.mp4,NO
ASL_20492226110701672-GO.mp4,GO
BAI_BYE_bye_012.mp4,BYE
ASL_11313336559383713-WE.mp4,WE
BAI_BYE_bye_023.mp4,BYE
BAI_WHY_why_021.mp4,WHY
BAI_EAT1_eat_006.mp4,EAT1
BAI_WE_we_012.mp4,WE
ASL_23773456898680978-HELP.mp4,HELP
ASL_975560309489212-STOP.mp4,STOP
WLASL_GO_24962.mp4,GO
BAI_GOOD_good_039.mp4,GOOD
ASL_6366246076484883-ME.mp4,ME
ASL_6813680247909-GOOD.mp4,GOOD
BAI_HELLO_hello_030.mp4,HELLO
BAI_EAT1_eat_060.mp4,EAT1
WLASL_SLEEP_52348.mp4,SLEEP
ASL_7027473793210652-HELLO.mp4,HELLO
BAI_HELP_help_034.mp4,HELP
BAI_BYE_bye_020.mp4,BYE
BAI_YES_yes_012.mp4,YES
ASL_2952311704357522-WHY.mp4,WHY
BAI_PLEASE_please_036.mp4,PLEASE
WLASL_YOU_64383.mp4,YOU
ASL_8865858542977822-WE.mp4,WE
BAI_GOOD_good_003.mp4,GOOD
BAI_WHERE_where_046.mp4,WHERE
ASL_5574926687456125-HELP.mp4,HELP
ASL_09460259361998125-THANK YOU.mp4,THANKYOU
ASL_9437772948180145-HELP.mp4,HELP
ASL_983844511939516-SLEEP.mp4,SLEEP
ASL_5245211280359048-COME.mp4,COME
BAI_SLEEP_sleep_021.mp4,SLEEP
BAI_WANT1_want_034.mp4,WANT1
WLASL_STOP_58935.mp4,STOP
WLASL_HAVE_26768.mp4,HAVE
BAI_WHY_why_029.mp4,WHY
BAI_DRINK1_drink_053.mp4,DRINK1
ASL_4810638311866906-WE.mp4,WE
BAI_HELLO_hello_034.mp4,HELLO
BAI_WHAT1_what_033.mp4,WHAT1
BAI_NEED_need_039.mp4,NEED
ASL_37418457822538387-WHERE.mp4,WHERE
BAI_NEED_need_017.mp4,NEED
BAI_SLEEP_sleepy_012.mp4,SLEEP
BAI_WHERE_where_005.mp4,WHERE
BAI_WHAT1_what_006.mp4,WHAT1
BAI_GO_go_012.mp4,GO
ASL_815577675920792-STOP.mp4,STOP
ASL_010997145882042814-seedCOME.mp4,COME
BAI_YOU_your_009.mp4,YOU
BAI_SLEEP_sleepy_003.mp4,SLEEP
ASL_3702604002311216-GO.mp4,GO
BAI_YOU_your_019.mp4,YOU
BAI_YES_eyes_009.mp4,YES
ASL_8267242257825924-EAT.mp4,EAT1
ASL_24519151833954478-WHAT 2.mp4,WHAT1
BAI_EAT1_eat_039.mp4,EAT1
ASL_011439809438488657-WHAT 2.mp4,WHAT1
BAI_EAT1_eat_004.mp4,EAT1
WLASL_YOU_64382.mp4,YOU
ASL_5157432639091493-SORRY.mp4,SORRY
ASL_1783184424273636-WANT 2.mp4,WANT1
BAI_NO_no_051.mp4,NO
BAI_EAT1_eat_003.mp4,EAT1
ASL_14951164356135682-SORRY.mp4,SORRY
ASL_46389552341659956-SORRY.mp4,SORRY
ASL_19142855644010948-GO.mp4,GO
BAI_EAT1_eat_031.mp4,EAT1
BAI_HELLO_hello_046.mp4,HELLO
ASL_7199652013477922-YES.mp4,YES
ASL_2541378389097124-WE.mp4,WE
BAI_PLEASE_please_031.mp4,PLEASE
BAI_GO_go_006.mp4,GO
BAI_SLEEP_sleep_020.mp4,SLEEP
ASL_5602506471677693-COME.mp4,COME
ASL_709429051156695-YES.mp4,YES
WLASL_YES_64283.mp4,YES
BAI_WE_we_002.mp4,WE
WLASL_SLEEP_52318.mp4,SLEEP
WLASL_STOP_58937.mp4,STOP
BAI_WHY_why_025.mp4,WHY
WLASL_YES_65667.mp4,YES
BAI_YOU_you_004.mp4,YOU
BAI_WHERE_where_033.mp4,WHERE
BAI_NO_not_011.mp4,NO
ASL_589235585874496-SORRY.mp4,SORRY
ASL_6363494051663907-WAIT.mp4,WAIT
BAI_NO_not_034.mp4,NO
BAI_NO_no_055.mp4,NO
BAI_YES_eyes_008.mp4,YES
BAI_DRINK1_drink_036.mp4,DRINK1
ASL_26056519285644875-YES.mp4,YES
BAI_WE_wet_015.mp4,WE
BAI_SLEEP_sleepy_017.mp4,SLEEP
ASL_5865603235099206-SORRY.mp4,SORRY
BAI_EAT1_eat_008.mp4,EAT1
BAI_NEED_need_026.mp4,NEED
BAI_HELLO_hello_015.mp4,HELLO
BAI_WHERE_here_051.mp4,WHERE
BAI_NO_now_023.mp4,NO
WLASL_ME_35546.mp4,ME
BAI_PLEASE_please_015.mp4,PLEASE
BAI_NEED_need_025.mp4,NEED
ASL_8761272343943907-COME.mp4,COME
WLASL_HELP_27208.mp4,HELP
ASL_8038145060553852-DRINK.mp4,DRINK1
BAI_YES_yes_040.mp4,YES
ASL_7085041042230886-GOOD.mp4,GOOD
WLASL_HAVE_26767.mp4,HAVE
ASL_6413893522655711-GO.mp4,GO
ASL_24752713514497837-HAVE.mp4,HAVE
BAI_WE_we_019.mp4,WE
ASL_8906582989498535-WE.mp4,WE
BAI_NO_now_014.mp4,NO
ASL_8218136220855874-HELP.mp4,HELP
ASL_8017117058905951-WHAT 2.mp4,WHAT1
BAI_WHERE_where_015.mp4,WHERE
BAI_SLEEP_sheep_004.mp4,SLEEP
ASL_7096733878911947-SLEEP.mp4,SLEEP
BAI_YES_yes_006.mp4,YES
ASL_4876077931735432-SLEEP.mp4,SLEEP
WLASL_STOP_58944.mp4,STOP
BAI_WHY_why_004.mp4,WHY
BAI_SORRY_sorry_006.mp4,SORRY
WLASL_NO_38860.mp4,NO
BAI_GO_go_003.mp4,GO
WLASL_PLEASE_43219.mp4,PLEASE
ASL_4219284432732393-WAIT.mp4,WAIT
BAI_GOOD_good_031.mp4,GOOD
BAI_WHY_why_007.mp4,WHY
BAI_SORRY_worry_004.mp4,SORRY
ASL_3557945550706938-HELP.mp4,HELP
BAI_NO_now_025.mp4,NO
BAI_WHERE_here_022.mp4,WHERE
BAI_NEED_need_041.mp4,NEED
BAI_HELP_help_017.mp4,HELP
WLASL_WANT1_62248.mp4,WANT1
BAI_SLEEP_sleep_022.mp4,SLEEP
WLASL_WE_62780.mp4,WE
BAI_NO_no_007.mp4,NO
WLASL_WHERE_63083.mp4,WHERE
ASL_22762374635521176-GO.mp4,GO
WLASL_SLEEP_50942.mp4,SLEEP
BAI_WHAT1_what_050.mp4,WHAT1
BAI_NEED_need_024.mp4,NEED
ASL_3970565843655667-HAVE.mp4,HAVE
WLASL_NO_38527.mp4,NO
BAI_SLEEP_sleepy_014.mp4,SLEEP
BAI_STOP_stop_014.mp4,STOP
WLASL_HELLO_27172.mp4,HELLO
BAI_SLEEP_sweep_007.mp4,SLEEP
BAI_SORRY_sorry_014.mp4,SORRY
BAI_YES_yes_054.mp4,YES
BAI_HELP_help_046.mp4,HELP
ASL_6864058804402533-STOP.mp4,STOP
BAI_NO_now_042.mp4,NO
BAI_YOU_your_029.mp4,YOU
BAI_WHERE_where_011.mp4,WHERE
BAI_WE_wet_010.mp4,WE
BAI_WHAT1_what_013.mp4,WHAT1
BAI_HAVE_have_002.mp4,HAVE
BAI_NEED_need_036.mp4,NEED
ASL_6070369210988702-WANT 2.mp4,WANT1
BAI_SLEEP_sweep_003.mp4,SLEEP
ASL_38957579013047017-WANT 2.mp4,WANT1
WLASL_BYE_08517.mp4,BYE
WLASL_GOOD_65835.mp4,GOOD
BAI_NO_no_025.mp4,NO
BAI_WANT1_want_035.mp4,WANT1
ASL_43147199471175535-seedWHAT 2.mp4,WHAT1
ASL_06635586886652112-seedGOOD.mp4,GOOD
BAI_WAIT_wait_002.mp4,WAIT
ASL_9682333715513665-BYE.mp4,BYE
BAI_EAT1_eat_045.mp4,EAT1
ASL_4096147054343935-PLEASE.mp4,PLEASE
ASL_9574229853297838-WHERE.mp4,WHERE
BAI_SORRY_worry_015.mp4,SORRY
BAI_HELLO_hello_051.mp4,HELLO
BAI_NEED_need_018.mp4,NEED
BAI_EAT1_eat_065.mp4,EAT1
ASL_8848744369087989-NEED.mp4,NEED
BAI_WHAT1_what_015.mp4,WHAT1
BAI_NEED_need_005.mp4,NEED
ASL_6282495181069199-HAVE.mp4,HAVE
BAI_YES_eyes_012.mp4,YES
BAI_WHERE_where_012.mp4,WHERE
ASL_6478160544982563-WE.mp4,WE
ASL_4318620777117368-ME.mp4,ME
BAI_YES_yes_058.mp4,YES
BAI_SLEEP_sleepy_004.mp4,SLEEP
ASL_26737390960725627-GO.mp4,GO
WLASL_GO_24973.mp4,GO
ASL_7720796120109821-HAVE.mp4,HAVE
BAI_GOOD_good_019.mp4,GOOD
BAI_PLEASE_please_004.mp4,PLEASE
BAI_WE_wet_013.mp4,WE
ASL_4382853991304725-STOP.mp4,STOP
ASL_49400025068696496-STOP.mp4,STOP
WLASL_YES_66820.mp4,YES
WLASL_WHERE_27273.mp4,WHERE
BAI_COME_become_005.mp4,COME
BAI_WHAT1_what_049.mp4,WHAT1
BAI_WHAT1_what_007.mp4,WHAT1
ASL_6811391071349302-SLEEP.mp4,SLEEP
BAI_YES_yes_004.mp4,YES
ASL_04669408879006931-NEED.mp4,NEED
BAI_WANT1_want_043.mp4,WANT1
ASL_8022209797799162-NEED.mp4,NEED
ASL_008087702450223277-GOOD.mp4,GOOD
BAI_HELP_help_023.mp4,HELP
BAI_WANT1_want_044.mp4,WANT1
WLASL_WE_40654.mp4,WE
BAI_WHERE_here_015.mp4,WHERE
WLASL_NO_38859.mp4,NO
BAI_WANT1_want_027.mp4,WANT1
ASL_41055086064167545-WANT 2.mp4,WANT1
BAI_NO_not_017.mp4,NO
BAI_NO_now_050.mp4,NO
WLASL_SLEEP_69479.mp4,SLEEP
BAI_WHAT1_what_010.mp4,WHAT1
BAI_NO_no_033.mp4,NO
BAI_NO_no_004.mp4,NO
ASL_7769434916738955-EAT.mp4,EAT1
BAI_YES_yes_002.mp4,YES
BAI_NO_now_047.mp4,NO
BAI_HAVE_have_027.mp4,HAVE
ASL_2413023602974027-SORRY.mp4,SORRY
BAI_HELP_help_044.mp4,HELP
BAI_HELP_help_018.mp4,HELP
BAI_NO_no_019.mp4,NO
ASL_6679488064816475-STOP.mp4,STOP
BAI_WHAT1_what_025.mp4,WHAT1
BAI_NO_now_031.mp4,NO
ASL_2803881528625629-seedWE.mp4,WE
BAI_EAT1_eat_012.mp4,EAT1
BAI_GO_go_033.mp4,GO
WLASL_NO_38990.mp4,NO
BAI_WHERE_here_020.mp4,WHERE
WLASL_WHY_63289.mp4,WHY
BAI_HELP_help_015.mp4,HELP
ASL_4524158338314277-EAT.mp4,EAT1
ASL_8835822739071177-PLEASE.mp4,PLEASE
ASL_2140134632834978-NO.mp4,NO
ASL_6983847344301657-GOOD.mp4,GOOD
BAI_WHERE_there_005.mp4,WHERE
BAI_WE_we_026.mp4,WE
ASL_10938335699122836-STOP.mp4,STOP
WLASL_SLEEP_52349.mp4,SLEEP
BAI_HELLO_hello_028.mp4,HELLO
BAI_COME_become_006.mp4,COME
ASL_4567979691425712-seedBYE.mp4,BYE
BAI_ME_me_009.mp4,ME
BAI_WAIT_wait_003.mp4,WAIT
ASL_2833503746558905-WHAT 2.mp4,WHAT1
BAI_DRINK1_drink_026.mp4,DRINK1
ASL_2732741727030885-NO.mp4,NO
BAI_YOU_your_032.mp4,YOU
BAI_NO_no_052.mp4,NO
BAI_ME_me_019.mp4,ME
ASL_6882259554153813-seedME.mp4,ME
ASL_8334054758517455-ME.mp4,ME
ASL_09714329486323847-NO.mp4,NO
BAI_YES_yes_064.mp4,YES
BAI_WHY_why_010.mp4,WHY
BAI_NO_no_050.mp4,NO
BAI_WAIT_wait_011.mp4,WAIT
BAI_ME_me_002.mp4,ME
BAI_WANT1_want_008.mp4,WANT1
BAI_YOU_your_012.mp4,YOU
WLASL_EAT1_18323.mp4,EAT1
ASL_08935802292404782-WE.mp4,WE
BAI_YOU_you_043.mp4,YOU
BAI_GOOD_good_017.mp4,GOOD
ASL_7313509467149351-DRINK.mp4,DRINK1
BAI_YES_yes_043.mp4,YES
BAI_NO_now_038.mp4,NO
BAI_DRINK1_drink_033.mp4,DRINK1
ASL_048776623388550044-BYE.mp4,BYE
WLASL_WAIT_62101.mp4,WAIT
ASL_5236898172561582-WHY.mp4,WHY
BAI_WHAT1_what_011.mp4,WHAT1
ASL_9101168111350384-ME.mp4,ME
BAI_YES_yes_035.mp4,YES
ASL_8068498353201266-WAIT.mp4,WAIT
ASL_826349513489413-COME.mp4,COME
ASL_6421087005073287-ME.mp4,ME
BAI_YOU_your_015.mp4,YOU
ASL_9202711012693181-SLEEP.mp4,SLEEP
ASL_1512241224851143-HELP.mp4,HELP
BAI_WE_wet_007.mp4,WE
ASL_2889010159260097-BYE.mp4,BYE
BAI_WHAT1_what_032.mp4,WHAT1
BAI_HELP_help_002.mp4,HELP
ASL_5556821084355537-COME.mp4,COME
ASL_21698877434119446-DRINK.mp4,DRINK1
WLASL_SORRY_54995.mp4,SORRY
BAI_NO_now_036.mp4,NO
BAI_HELLO_hello_008.mp4,HELLO
BAI_NEED_need_037.mp4,NEED
BAI_YES_yes_044.mp4,YES
BAI_EAT1_eat_041.mp4,EAT1
BAI_NO_not_022.mp4,NO
BAI_WHERE_where_022.mp4,WHERE
BAI_WANT1_want_051.mp4,WANT1
ASL_6508465822424006-THANK YOU.mp4,THANKYOU
BAI_SORRY_worry_011.mp4,SORRY
BAI_NO_no_012.mp4,NO
BAI_YES_yes_055.mp4,YES
BAI_GO_go_032.mp4,GO
BAI_WHAT1_what_012.mp4,WHAT1
ASL_9404479880375034-BYE.mp4,BYE
BAI_EAT1_eat_020.mp4,EAT1
ASL_13884914336494525-EAT.mp4,EAT1
ASL_936211950052861-THANK YOU.mp4,THANKYOU
BAI_WAIT_wait_015.mp4,WAIT
WLASL_WHERE_69365.mp4,WHERE
BAI_WHERE_where_010.mp4,WHERE
BAI_HELP_help_040.mp4,HELP
ASL_8882151630852417-NEED.mp4,NEED
ASL_8252872177970572-HAVE.mp4,HAVE
BAI_DRINK1_drink_022.mp4,DRINK1
BAI_YOU_you_016.mp4,YOU
BAI_WE_wet_001.mp4,WE
BAI_NO_no_066.mp4,NO
BAI_WHAT1_what_034.mp4,WHAT1
BAI_COME_come_013.mp4,COME
ASL_6692766688263203-WAIT.mp4,WAIT
BAI_NEED_need_010.mp4,NEED
WLASL_SORRY_53365.mp4,SORRY
BAI_NO_now_011.mp4,NO
ASL_017661498365253214-HAVE.mp4,HAVE
ASL_9605571410103191-YES.mp4,YES
BAI_WANT1_want_014.mp4,WANT1
BAI_NEED_need_021.mp4,NEED
ASL_31080382328753453-ME.mp4,ME
ASL_24626162714112465-HAVE.mp4,HAVE
BAI_PLEASE_please_023.mp4,PLEASE
ASL_8893256597213444-STOP.mp4,STOP
ASL_16617331553945736-STOP.mp4,STOP
ASL_35024304836544506-STOP.mp4,STOP
BAI_GO_go_009.mp4,GO
WLASL_HAVE_50902.mp4,HAVE
ASL_4656606080155459-NO.mp4,NO
WLASL_GO_01556.mp4,GO
BAI_YOU_you_019.mp4,YOU
BAI_NEED_need_030.mp4,NEED
BAI_NO_now_010.mp4,NO
WLASL_SORRY_54998.mp4,SORRY
ASL_531487732428322-HELP.mp4,HELP
BAI_NO_not_040.mp4,NO
BAI_SLEEP_sleepy_011.mp4,SLEEP
BAI_NO_no_056.mp4,NO
BAI_NEED_need_035.mp4,NEED
BAI_YOU_you_028.mp4,YOU
BAI_WHERE_where_009.mp4,WHERE
BAI_YOU_your_030.mp4,YOU
BAI_NO_not_023.mp4,NO
ASL_2868358953291379-WHERE.mp4,WHERE
ASL_1555998439795525-YES.mp4,YES
BAI_WANT1_want_049.mp4,WANT1
ASL_9140450917748142-DRINK.mp4,DRINK1
WLASL_NO_69411.mp4,NO
ASL_6613716577421236-NEED.mp4,NEED
ASL_40193405478785693-EAT.mp4,EAT1
BAI_WHERE_here_035.mp4,WHERE
ASL_09164331443344143-WHY.mp4,WHY
BAI_WHERE_here_040.mp4,WHERE
ASL_431834858238225-WAIT.mp4,WAIT
ASL_5400816124395869-ME.mp4,ME
BAI_HELLO_hello_005.mp4,HELLO
ASL_9483688560737478-HELP.mp4,HELP
ASL_8745067191819265-WHAT 2.mp4,WHAT1
ASL_9106828060005678-WHAT 2.mp4,WHAT1
ASL_9287154847825414-SORRY.mp4,SORRY
BAI_WAIT_wait_008.mp4,WAIT
WLASL_STOP_54932.mp4,STOP
ASL_7590157290604365-YOU.mp4,YOU
BAI_HAVE_have_008.mp4,HAVE
ASL_9687874710872124-GOOD.mp4,GOOD
ASL_5419469718181713-WAIT.mp4,WAIT
BAI_WHERE_where_029.mp4,WHERE
BAI_YES_yes_031.mp4,YES
WLASL_HELP_27215.mp4,HELP
ASL_7648996670040624-HELLO.mp4,HELLO
BAI_WAIT_wait_004.mp4,WAIT
BAI_HELP_help_005.mp4,HELP
BAI_ME_me_036.mp4,ME
BAI_DRINK1_drink_006.mp4,DRINK1
ASL_8920807082520505-NO.mp4,NO
BAI_SLEEP_sleep_027.mp4,SLEEP
BAI_GOOD_good_006.mp4,GOOD
BAI_STOP_stop_022.mp4,STOP
ASL_08228267952066615-NO.mp4,NO
ASL_15689453699180178-YES.mp4,YES
BAI_WHERE_there_006.mp4,WHERE
ASL_7317136659517625-WHY.mp4,WHY
BAI_GO_go_011.mp4,GO
BAI_YOU_you_015.mp4,YOU
ASL_7399984921358038-COME.mp4,COME
BAI_YES_yes_010.mp4,YES
BAI_WAIT_wait_016.mp4,WAIT
ASL_43234510854275543-EAT.mp4,EAT1
ASL_09905526235759088-YES.mp4,YES
BAI_HELP_help_003.mp4,HELP
BAI_WHAT1_what_024.mp4,WHAT1
BAI_NEED_need_028.mp4,NEED
BAI_NO_now_046.mp4,NO
WLASL_SORRY_54999.mp4,SORRY
ASL_4795164850135014-GO.mp4,GO
ASL_2957896307414234-NEED.mp4,NEED
ASL_62778761952392-SORRY.mp4,SORRY
BAI_SORRY_worry_006.mp4,SORRY
BAI_HELP_help_050.mp4,HELP
ASL_516342335411355-BYE.mp4,BYE
BAI_HAVE_have_020.mp4,HAVE
ASL_15737752814991346-YOU.mp4,YOU
ASL_5499151016968098-HAVE.mp4,HAVE
BAI_SORRY_worry_018.mp4,SORRY
ASL_9084539059220444-WHERE.mp4,WHERE
WLASL_NO_69413.mp4,NO
BAI_YOU_your_011.mp4,YOU
BAI_BYE_bye_021.mp4,BYE
BAI_WHY_why_028.mp4,WHY
ASL_7256673521593155-SORRY.mp4,SORRY
ASL_14637905185166056-YOU.mp4,YOU
BAI_YES_yes_015.mp4,YES
BAI_NO_now_020.mp4,NO
BAI_SORRY_sorry_020.mp4,SORRY
WLASL_DRINK1_17723.mp4,DRINK1
ASL_011053589241707185-BYE.mp4,BYE
BAI_YOU_you_011.mp4,YOU
BAI_WHERE_where_034.mp4,WHERE
ASL_6448349493816601-HELLO.mp4,HELLO
BAI_PLEASE_please_017.mp4,PLEASE
BAI_SORRY_sorry_022.mp4,SORRY
ASL_45349501605586506-HAVE.mp4,HAVE
WLASL_BYE_08510.mp4,BYE
ASL_24064885357062593-COME.mp4,COME
BAI_HAVE_have_019.mp4,HAVE
BAI_WE_we_025.mp4,WE
BAI_SORRY_sorry_017.mp4,SORRY
ASL_38330302294288865-STOP.mp4,STOP
WLASL_PLEASE_43217.mp4,PLEASE
WLASL_BYE_08512.mp4,BYE
ASL_7613568684951131-WAIT.mp4,WAIT
BAI_WAIT_waiter_006.mp4,WAIT
WLASL_GO_01553.mp4,GO
BAI_SLEEP_sleepy_005.mp4,SLEEP
BAI_COME_become_002.mp4,COME
WLASL_GOOD_24916.mp4,GOOD
ASL_6530795087181671-WAIT.mp4,WAIT
BAI_YOU_you_030.mp4,YOU
WLASL_GOOD_25073.mp4,GOOD
WLASL_WE_66767.mp4,WE
ASL_3468501303620588-WE.mp4,WE
BAI_GO_go_022.mp4,GO
BAI_NO_not_016.mp4,NO
ASL_3283413810240037-HELLO.mp4,HELLO
BAI_WHY_why_036.mp4,WHY
BAI_NEED_need_049.mp4,NEED
BAI_HELP_help_052.mp4,HELP
BAI_BYE_bye_002.mp4,BYE
BAI_WE_we_020.mp4,WE
WLASL_NO_38994.mp4,NO
BAI_WHERE_there_002.mp4,WHERE
BAI_EAT1_eat_040.mp4,EAT1
BAI_NO_no_031.mp4,NO
BAI_HAVE_have_042.mp4,HAVE
BAI_GO_go_039.mp4,GO
ASL_08882787638193945-YOU.mp4,YOU
BAI_WE_wet_005.mp4,WE
BAI_DRINK1_drink_040.mp4,DRINK1
WLASL_DRINK1_69302.mp4,DRINK1
WLASL_SLEEP_52345.mp4,SLEEP
BAI_HAVE_have_029.mp4,HAVE
ASL_09933901999031058-SORRY.mp4,SORRY
BAI_GO_go_020.mp4,GO
BAI_YES_eyes_003.mp4,YES
BAI_YOU_your_014.mp4,YOU
BAI_HELP_help_032.mp4,HELP
ASL_18340714145664716-GOOD.mp4,GOOD
ASL_6280360769360449-NEED.mp4,NEED
BAI_WHERE_where_024.mp4,WHERE
BAI_SORRY_sorry_015.mp4,SORRY
BAI_SLEEP_sweep_006.mp4,SLEEP
WLASL_SORRY_55000.mp4,SORRY
BAI_WE_we_010.mp4,WE
ASL_8486809407942575-HELLO.mp4,HELLO
BAI_WANT1_want_056.mp4,WANT1
BAI_DRINK1_drink_014.mp4,DRINK1
WLASL_WAIT_62102.mp4,WAIT
WLASL_STOP_54925.mp4,STOP
BAI_BYE_bye_017.mp4,BYE
BAI_GO_go_010.mp4,GO
WLASL_ME_35545.mp4,ME
ASL_3584447878251358-PLEASE.mp4,PLEASE
BAI_SORRY_sorry_002.mp4,SORRY
BAI_SORRY_worry_017.mp4,SORRY
BAI_SORRY_sorry_030.mp4,SORRY
WLASL_GO_24946.mp4,GO
WLASL_SLEEP_52344.mp4,SLEEP
BAI_GOOD_good_020.mp4,GOOD
BAI_WHERE_there_010.mp4,WHERE
WLASL_WE_40652.mp4,WE
ASL_8977694836593926-YES.mp4,YES
ASL_9962081495357855-THANK YOU.mp4,THANKYOU
BAI_YOU_you_050.mp4,YOU
BAI_WAIT_waiter_013.mp4,WAIT
BAI_HELLO_hello_016.mp4,HELLO
BAI_SLEEP_sleepy_006.mp4,SLEEP
ASL_42327270691916885-YES.mp4,YES
ASL_193766215011427-WE.mp4,WE
WLASL_STOP_58936.mp4,STOP
BAI_WAIT_wait_020.mp4,WAIT
ASL_5672396093022622-EAT.mp4,EAT1
BAI_YOU_you_014.mp4,YOU
BAI_SLEEP_sheep_011.mp4,SLEEP
BAI_DRINK1_drink_002.mp4,DRINK1
BAI_WHERE_here_046.mp4,WHERE
WLASL_NO_39000.mp4,NO
WLASL_HELP_27206.mp4,HELP
BAI_WHAT1_what_022.mp4,WHAT1
BAI_DRINK1_drink_016.mp4,DRINK1
ASL_8166852609962443-PLEASE.mp4,PLEASE
BAI_WE_we_003.mp4,WE
BAI_SORRY_sorry_004.mp4,SORRY
BAI_HELLO_hello_021.mp4,HELLO
BAI_BYE_bye_015.mp4,BYE
BAI_GO_go_031.mp4,GO
BAI_COME_come_004.mp4,COME
ASL_31921160795841863-STOP.mp4,STOP
BAI_YOU_your_024.mp4,YOU
BAI_SLEEP_sleep_024.mp4,SLEEP
BAI_WHAT1_what_052.mp4,WHAT1
BAI_YES_yes_025.mp4,YES
BAI_WHERE_here_006.mp4,WHERE
ASL_2688720555507844-seedNO.mp4,NO
BAI_EAT1_eat_023.mp4,EAT1
ASL_2585581282288061-YOU.mp4,YOU
ASL_29761682879368934-SORRY.mp4,SORRY
BAI_YES_yes_023.mp4,YES
ASL_6721385997956766-GO.mp4,GO
BAI_NEED_need_045.mp4,NEED
BAI_COME_come_007.mp4,COME
BAI_WAIT_wait_006.mp4,WAIT
ASL_6358167662084229-seedYES.mp4,YES
BAI_WHERE_where_036.mp4,WHERE
BAI_WHERE_where_030.mp4,WHERE
ASL_5724078705072562-ME.mp4,ME
ASL_1461467422069449-STOP.mp4,STOP
BAI_EAT1_eat_044.mp4,EAT1
ASL_6330094542104612-PLEASE.mp4,PLEASE
BAI_SORRY_worry_012.mp4,SORRY
WLASL_WAIT_62097.mp4,WAIT
BAI_WHERE_here_037.mp4,WHERE
BAI_NO_now_037.mp4,NO
ASL_6997365376367899-WHERE.mp4,WHERE
WLASL_WHY_63283.mp4,WHY
BAI_NO_not_021.mp4,NO
ASL_22192344699736766-ME.mp4,ME
BAI_YOU_your_033.mp4,YOU
BAI_GO_go_017.mp4,GO
ASL_7084601978683813-WHAT 2.mp4,WHAT1
ASL_7535449770372906-THANK YOU.mp4,THANKYOU
BAI_DRINK1_drink_011.mp4,DRINK1
ASL_0505419163931653-NEED.mp4,NEED
WLASL_WE_62925.mp4,WE
BAI_GO_go_041.mp4,GO
BAI_WANT1_want_004.mp4,WANT1
ASL_16870669316247833-THANK YOU.mp4,THANKYOU
BAI_WANT1_want_037.mp4,WANT1
BAI_BYE_bye_019.mp4,BYE
BAI_SLEEP_sheep_008.mp4,SLEEP
WLASL_WHY_63280.mp4,WHY
ASL_8284103400294454-SORRY.mp4,SORRY
BAI_WAIT_wait_022.mp4,WAIT
BAI_NEED_need_052.mp4,NEED
BAI_WHAT1_what_051.mp4,WHAT1
ASL_41579421019094553-GO.mp4,GO
ASL_30163868001403205-WHY.mp4,WHY
ASL_2505702369833467-DRINK.mp4,DRINK1
BAI_HELLO_hello_002.mp4,HELLO
BAI_WHERE_here_042.mp4,WHERE
ASL_9375717470846778-WE.mp4,WE
BAI_WHERE_there_023.mp4,WHERE
BAI_STOP_stop_001.mp4,STOP
ASL_17534725959416075-WE.mp4,WE
BAI_COME_become_008.mp4,COME
BAI_PLEASE_please_012.mp4,PLEASE
ASL_4091388061019394-YOU.mp4,YOU
BAI_NEED_need_004.mp4,NEED
ASL_7757946316597986-STOP.mp4,STOP
BAI_YOU_you_002.mp4,YOU
BAI_WHERE_here_011.mp4,WHERE
WLASL_WHERE_57829.mp4,WHERE
WLASL_YES_64293.mp4,YES
BAI_PLEASE_please_035.mp4,PLEASE
ASL_9824526442836845-WHERE.mp4,WHERE
WLASL_NO_38534.mp4,NO
ASL_39425766670939555-THANK YOU.mp4,THANKYOU
BAI_WANT1_want_023.mp4,WANT1
BAI_ME_me_006.mp4,ME
BAI_DRINK1_drink_024.mp4,DRINK1
BAI_NO_not_007.mp4,NO
ASL_5042323343464843-PLEASE.mp4,PLEASE
ASL_9595840152815802-seedWAIT.mp4,WAIT
ASL_10953401131792706-WHY.mp4,WHY
ASL_25130175957831113-THANK YOU.mp4,THANKYOU
BAI_YES_eyes_013.mp4,YES
ASL_7662883760067802-SORRY.mp4,SORRY
BAI_EAT1_eat_054.mp4,EAT1
BAI_EAT1_eat_061.mp4,EAT1
BAI_COME_become_003.mp4,COME
BAI_WE_we_011.mp4,WE
BAI_WE_we_031.mp4,WE
BAI_ME_me_008.mp4,ME
BAI_HELLO_hello_049.mp4,HELLO
ASL_19532533865671398-WHERE.mp4,WHERE
BAI_PLEASE_please_043.mp4,PLEASE
WLASL_WHAT1_62975.mp4,WHAT1
BAI_WANT1_want_047.mp4,WANT1
ASL_82979631907834-SLEEP.mp4,SLEEP
ASL_39081440676355306-COME.mp4,COME
ASL_03439441385308273-WANT 2.mp4,WANT1
ASL_25802117645943423-HELLO.mp4,HELLO
BAI_WHAT1_what_008.mp4,WHAT1
BAI_PLEASE_please_006.mp4,PLEASE
BAI_SLEEP_sleep_015.mp4,SLEEP
BAI_NO_no_027.mp4,NO
BAI_NO_no_014.mp4,NO
ASL_8336503418129162-WANT 2.mp4,WANT1
BAI_YOU_you_047.mp4,YOU
BAI_GOOD_good_024.mp4,GOOD
BAI_DRINK1_drink_049.mp4,DRINK1
ASL_5446297670875129-GO.mp4,GO
BAI_PLEASE_please_041.mp4,PLEASE
BAI_WHAT1_what_046.mp4,WHAT1
ASL_41986547104124017-WHY.mp4,WHY
BAI_STOP_stop_008.mp4,STOP
BAI_NEED_need_031.mp4,NEED
ASL_624921199330932-WAIT.mp4,WAIT
ASL_7743737332850424-WAIT.mp4,WAIT
ASL_08583141071601874-THANK YOU.mp4,THANKYOU
WLASL_WAIT_62100.mp4,WAIT
ASL_8259197203871462-GOOD.mp4,GOOD
ASL_7227128162421703-ME.mp4,ME
ASL_404671863993352-WHAT 2.mp4,WHAT1
BAI_SLEEP_sweep_002.mp4,SLEEP
ASL_524881037999334-WAIT.mp4,WAIT
WLASL_PLEASE_43218.mp4,PLEASE
ASL_9000152796377254-DRINK.mp4,DRINK1
BAI_WHERE_here_030.mp4,WHERE
BAI_WHERE_there_001.mp4,WHERE
ASL_2294900578606751-COME.mp4,COME
ASL_055732368427704904-COME.mp4,COME
WLASL_NO_38997.mp4,NO
ASL_22413626372355933-GOOD.mp4,GOOD
BAI_WANT1_want_036.mp4,WANT1
BAI_NEED_need_016.mp4,NEED
BAI_YES_yes_034.mp4,YES
BAI_STOP_stop_010.mp4,STOP
ASL_35156313213734314-THANK YOU.mp4,THANKYOU
BAI_YES_yes_042.mp4,YES
BAI_DRINK1_drink_032.mp4,DRINK1
BAI_SLEEP_sleep_004.mp4,SLEEP
BAI_YES_yes_008.mp4,YES
BAI_WANT1_want_019.mp4,WANT1
BAI_WHERE_here_019.mp4,WHERE
ASL_7468673870660452-EAT.mp4,EAT1
WLASL_NO_38868.mp4,NO
BAI_DRINK1_drink_009.mp4,DRINK1
ASL_7606933944529259-STOP.mp4,STOP
BAI_HAVE_have_035.mp4,HAVE
BAI_GOOD_good_049.mp4,GOOD
BAI_HELLO_hello_039.mp4,HELLO
BAI_WHERE_here_033.mp4,WHERE
WLASL_HAVE_50896.mp4,HAVE
ASL_6471203705029369-WHERE.mp4,WHERE
BAI_WANT1_want_048.mp4,WANT1
BAI_SLEEP_sleep_023.mp4,SLEEP
BAI_YES_yes_021.mp4,YES
BAI_WANT1_want_054.mp4,WANT1
WLASL_GO_01560.mp4,GO
BAI_HELLO_hello_033.mp4,HELLO
BAI_YOU_your_010.mp4,YOU
BAI_STOP_stop_006.mp4,STOP
BAI_GOOD_good_029.mp4,GOOD
BAI_DRINK1_drink_043.mp4,DRINK1
BAI_PLEASE_please_039.mp4,PLEASE
BAI_NO_not_024.mp4,NO
ASL_0006320057552187119-THANK YOU.mp4,THANKYOU
ASL_6137110171725737-NO.mp4,NO
BAI_YES_yes_030.mp4,YES
ASL_5023793115629094-BYE.mp4,BYE
BAI_NO_no_002.mp4,NO
ASL_20620677050827374-HAVE.mp4,HAVE
BAI_YES_yes_045.mp4,YES
BAI_SORRY_worry_022.mp4,SORRY
BAI_WHERE_here_049.mp4,WHERE
BAI_HELLO_hello_029.mp4,HELLO
ASL_08859845078833506-WANT 2.mp4,WANT1
BAI_YOU_your_027.mp4,YOU
ASL_050364485120873326-YES.mp4,YES
BAI_WAIT_wait_005.mp4,WAIT
ASL_9191814085149543-seedSTOP.mp4,STOP
BAI_NO_no_053.mp4,NO
BAI_EAT1_eat_021.mp4,EAT1
BAI_YES_yes_014.mp4,YES
ASL_3537345851274545-COME.mp4,COME
BAI_GOOD_good_035.mp4,GOOD
BAI_WHAT1_what_048.mp4,WHAT1
WLASL_WE_66755.mp4,WE
BAI_SLEEP_sheep_001.mp4,SLEEP
ASL_12174913678763644-WHERE.mp4,WHERE
BAI_YOU_your_034.mp4,YOU
BAI_EAT1_eat_043.mp4,EAT1
ASL_25762006967045403-WAIT.mp4,WAIT
WLASL_YES_20665.mp4,YES
ASL_180739946524912-seedHELLO.mp4,HELLO
BAI_WANT1_want_045.mp4,WANT1
BAI_YES_yes_016.mp4,YES
BAI_GOOD_good_044.mp4,GOOD
ASL_4624064779710624-THANK YOU.mp4,THANKYOU
BAI_SLEEP_sleep_008.mp4,SLEEP
ASL_009883456113471967-EAT.mp4,EAT1
BAI_GO_go_023.mp4,GO
WLASL_WE_66766.mp4,WE
BAI_WHAT1_what_053.mp4,WHAT1
BAI_ME_me_025.mp4,ME
BAI_WANT1_want_052.mp4,WANT1
BAI_YOU_your_045.mp4,YOU
ASL_5597756711675372-NEED.mp4,NEED
ASL_6411588958209695-ME.mp4,ME
ASL_03717365663139738-WHERE.mp4,WHERE
ASL_7968041209479837-WHERE.mp4,WHERE
ASL_6368510219023522-WAIT.mp4,WAIT
WLASL_NO_38861.mp4,NO
WLASL_HAVE_26773.mp4,HAVE
BAI_WHY_why_022.mp4,WHY
WLASL_COME_05619.mp4,COME
BAI_NO_no_037.mp4,NO
BAI_WHAT1_what_018.mp4,WHAT1
BAI_HELP_help_001.mp4,HELP
ASL_034197610787212396-THANK YOU.mp4,THANKYOU
ASL_7750734997528588-WHERE.mp4,WHERE
ASL_24375109516725524-SLEEP.mp4,SLEEP
ASL_6462406278843633-WAIT.mp4,WAIT
BAI_GOOD_good_012.mp4,GOOD
WLASL_WE_40651.mp4,WE
WLASL_WHERE_27268.mp4,WHERE
BAI_GOOD_good_040.mp4,GOOD
BAI_WHERE_here_018.mp4,WHERE
BAI_WE_wet_012.mp4,WE
BAI_NO_not_015.mp4,NO
ASL_30879418056454777-NEED.mp4,NEED
BAI_GOOD_good_027.mp4,GOOD
ASL_47017724784893633-seedPLEASE.mp4,PLEASE
ASL_7976564165646398-THANK YOU.mp4,THANKYOU
ASL_5278795760893484-NO.mp4,NO
BAI_SORRY_worry_013.mp4,SORRY
BAI_YOU_you_038.mp4,YOU
ASL_5185122660022305-WAIT.mp4,WAIT
BAI_COME_become_017.mp4,COME
WLASL_STOP_66658.mp4,STOP
ASL_0628291186114378-WHAT 2.mp4,WHAT1
BAI_WE_we_024.mp4,WE
BAI_NO_no_030.mp4,NO
ASL_09849926479408055-HAVE.mp4,HAVE
ASL_9203747770494983-HELP.mp4,HELP
WLASL_WHERE_63081.mp4,WHERE
ASL_6387762756061144-SORRY.mp4,SORRY
ASL_6475011403601416-WANT 2.mp4,WANT1
BAI_DRINK1_drink_037.mp4,DRINK1
ASL_370678413428154-NO.mp4,NO
ASL_5932207271660643-THANK YOU.mp4,THANKYOU
ASL_7633870830493861-GOOD.mp4,GOOD
ASL_24289224539723375-SLEEP.mp4,SLEEP
BAI_WHERE_where_044.mp4,WHERE
BAI_NO_not_010.mp4,NO
ASL_8220736980572507-WAIT.mp4,WAIT
BAI_HELLO_hello_007.mp4,HELLO
WLASL_NO_38991.mp4,NO
WLASL_EAT1_18325.mp4,EAT1
BAI_GOOD_good_038.mp4,GOOD
WLASL_YOU_64427.mp4,YOU
BAI_GO_go_030.mp4,GO
WLASL_WHERE_27264.mp4,WHERE
BAI_GO_go_038.mp4,GO
BAI_WHERE_there_014.mp4,WHERE
BAI_NO_now_004.mp4,NO
BAI_YOU_you_040.mp4,YOU
ASL_25290749191933815-GOOD.mp4,GOOD
ASL_1789715889624135-HELLO.mp4,HELLO
BAI_SORRY_sorry_037.mp4,SORRY
WLASL_SORRY_66561.mp4,SORRY
ASL_39734251970462897-YOU.mp4,YOU
BAI_WHERE_here_026.mp4,WHERE
BAI_WHERE_where_047.mp4,WHERE
ASL_6046104101537046-WANT 2.mp4,WANT1
WLASL_HELP_27217.mp4,HELP
BAI_NEED_need_032.mp4,NEED
ASL_031074918450269218-WAIT.mp4,WAIT
WLASL_NO_38857.mp4,NO
BAI_NEED_need_011.mp4,NEED
ASL_43531964221110075-COME.mp4,COME
BAI_HAVE_have_032.mp4,HAVE
BAI_YES_yes_061.mp4,YES
ASL_36753258402615074-WE.mp4,WE
BAI_NEED_need_008.mp4,NEED
BAI_EAT1_eat_011.mp4,EAT1
ASL_9092689562509508-YES.mp4,YES
BAI_WHAT1_what_045.mp4,WHAT1
ASL_30590478365410667-WHAT 2.mp4,WHAT1
ASL_35188429123944-SLEEP.mp4,SLEEP
BAI_NO_now_012.mp4,NO
BAI_GO_go_035.mp4,GO
BAI_WE_we_009.mp4,WE
BAI_EAT1_eat_029.mp4,EAT1
BAI_NO_now_029.mp4,NO
WLASL_HELP_27207.mp4,HELP
ASL_7366178620686341-COME.mp4,COME
BAI_NEED_need_001.mp4,NEED
BAI_YOU_your_035.mp4,YOU
ASL_7701619196687932-GO.mp4,GO
ASL_20564555475489255-WHY.mp4,WHY
BAI_DRINK1_drink_031.mp4,DRINK1
BAI_HAVE_have_030.mp4,HAVE
BAI_WANT1_want_006.mp4,WANT1
BAI_YOU_you_020.mp4,YOU
BAI_WHERE_where_007.mp4,WHERE
BAI_HELP_help_007.mp4,HELP
ASL_3372774069388451-WAIT.mp4,WAIT
ASL_6225526845167895-BYE.mp4,BYE
BAI_ME_me_022.mp4,ME
BAI_HELLO_hello_041.mp4,HELLO
ASL_5641210498834153-WE.mp4,WE
BAI_DRINK1_drink_057.mp4,DRINK1
BAI_GOOD_good_028.mp4,GOOD
WLASL_GO_24956.mp4,GO
BAI_GO_go_026.mp4,GO
BAI_YOU_you_027.mp4,YOU
BAI_SLEEP_sweep_011.mp4,SLEEP
WLASL_HAVE_27079.mp4,HAVE
BAI_NEED_need_055.mp4,NEED
ASL_07925466246458779-HAVE.mp4,HAVE
BAI_PLEASE_please_029.mp4,PLEASE
BAI_YES_yes_017.mp4,YES
BAI_SORRY_sorry_034.mp4,SORRY
BAI_WE_we_013.mp4,WE
WLASL_THANKYOU_69502.mp4,THANKYOU
BAI_YES_eyes_007.mp4,YES
BAI_HAVE_have_031.mp4,HAVE
WLASL_YES_64291.mp4,YES
WLASL_SLEEP_52324.mp4,SLEEP
ASL_274934874875824-WE.mp4,WE
BAI_WHERE_here_034.mp4,WHERE
WLASL_WE_62775.mp4,WE
WLASL_SLEEP_50935.mp4,SLEEP
ASL_9470368146172135-HAVE.mp4,HAVE
WLASL_WHY_63284.mp4,WHY
BAI_ME_me_003.mp4,ME
ASL_0912245735671211-THANK YOU.mp4,THANKYOU
ASL_15179467641851585-SORRY.mp4,SORRY
BAI_HELLO_hello_045.mp4,HELLO
ASL_7328260605453549-PLEASE.mp4,PLEASE
BAI_COME_become_011.mp4,COME
ASL_4592926945829485-WANT 2.mp4,WANT1
ASL_8917441625336839-EAT.mp4,EAT1
ASL_7642911134092343-seedGO.mp4,GO
WLASL_WE_62924.mp4,WE
BAI_NO_no_049.mp4,NO
BAI_WHERE_there_015.mp4,WHERE
ASL_7589467495928648-COME.mp4,COME
BAI_NO_not_037.mp4,NO
ASL_5289028229164205-ME.mp4,ME
WLASL_GO_24961.mp4,GO
BAI_YOU_you_026.mp4,YOU
BAI_GO_go_042.mp4,GO
ASL_454662254622324-HAVE.mp4,HAVE
BAI_WANT1_want_015.mp4,WANT1
BAI_ME_me_010.mp4,ME
BAI_NO_no_042.mp4,NO
BAI_SORRY_worry_002.mp4,SORRY
BAI_GOOD_good_055.mp4,GOOD
BAI_WHAT1_what_036.mp4,WHAT1
BAI_WANT1_want_021.mp4,WANT1
BAI_NEED_need_007.mp4,NEED
BAI_HELP_help_033.mp4,HELP
BAI_WHERE_here_028.mp4,WHERE
BAI_SLEEP_sheep_006.mp4,SLEEP
WLASL_SLEEP_56282.mp4,SLEEP
BAI_DRINK1_drink_041.mp4,DRINK1
BAI_PLEASE_please_014.mp4,PLEASE
BAI_GO_go_008.mp4,GO
WLASL_THANKYOU_57667.mp4,THANKYOU
ASL_7931075492698656-NO.mp4,NO
WLASL_NO_38525.mp4,NO
ASL_45473820037956725-COME.mp4,COME
BAI_YES_yes_049.mp4,YES
WLASL_HELP_65891.mp4,HELP
ASL_03800598663017607-DRINK.mp4,DRINK1
BAI_WHERE_here_002.mp4,WHERE
ASL_6515372118413638-YOU.mp4,YOU
ASL_9875735466160431-GOOD.mp4,GOOD
ASL_47175728440552755-GO.mp4,GO
BAI_WHERE_there_020.mp4,WHERE
BAI_ME_me_030.mp4,ME
BAI_NO_not_018.mp4,NO
BAI_HAVE_have_026.mp4,HAVE
BAI_WHERE_where_014.mp4,WHERE
BAI_WHAT1_what_009.mp4,WHAT1
BAI_HELLO_hello_022.mp4,HELLO
BAI_HELLO_hello_048.mp4,HELLO
WLASL_YES_20667.mp4,YES
BAI_GOOD_good_026.mp4,GOOD
BAI_EAT1_eat_063.mp4,EAT1
ASL_19109474570600948-STOP.mp4,STOP
ASL_7637262020700946-WANT 2.mp4,WANT1
BAI_SORRY_worry_021.mp4,SORRY
BAI_EAT1_eat_032.mp4,EAT1
ASL_5495256812953944-STOP.mp4,STOP
BAI_YOU_your_028.mp4,YOU
BAI_GOOD_good_009.mp4,GOOD
ASL_5911924789322505-HELLO.mp4,HELLO
WLASL_HAVE_26766.mp4,HAVE
ASL_7404223141679687-WHERE.mp4,WHERE
BAI_NO_no_065.mp4,NO
WLASL_WHAT1_62987.mp4,WHAT1
BAI_WHY_why_016.mp4,WHY
BAI_HELLO_hello_043.mp4,HELLO
BAI_SORRY_sorry_019.mp4,SORRY
ASL_6196253651803971-DRINK.mp4,DRINK1
BAI_YOU_you_010.mp4,YOU
BAI_WHY_why_019.mp4,WHY
BAI_EAT1_eat_015.mp4,EAT1
ASL_8646796456836814-HELP.mp4,HELP
BAI_NO_not_006.mp4,NO
BAI_PLEASE_please_018.mp4,PLEASE
BAI_BYE_bye_016.mp4,BYE
BAI_WHERE_where_027.mp4,WHERE
BAI_EAT1_eat_022.mp4,EAT1
BAI_HAVE_have_006.mp4,HAVE
BAI_WHERE_where_028.mp4,WHERE
BAI_YOU_your_025.mp4,YOU
BAI_EAT1_eat_042.mp4,EAT1
ASL_6198968659630029-YOU.mp4,YOU
WLASL_HAVE_27087.mp4,HAVE
BAI_WHAT1_what_021.mp4,WHAT1
ASL_5739215722518052-EAT.mp4,EAT1
BAI_NO_no_022.mp4,NO
BAI_NEED_need_043.mp4,NEED
ASL_18362037497753203-WHAT 2.mp4,WHAT1
BAI_WHERE_there_016.mp4,WHERE
BAI_NO_not_031.mp4,NO
BAI_HELP_help_013.mp4,HELP
BAI_WHERE_here_008.mp4,WHERE
ASL_3866568461228612-WHY.mp4,WHY
WLASL_WHAT1_66769.mp4,WHAT1
BAI_SORRY_worry_016.mp4,SORRY
ASL_5587884729767747-GO.mp4,GO
BAI_NO_no_045.mp4,NO
BAI_SLEEP_sleepy_008.mp4,SLEEP
BAI_WHERE_where_023.mp4,WHERE
ASL_7819362494402429-GO.mp4,GO
WLASL_WANT1_62251.mp4,WANT1
ASL_6257769266405475-WE.mp4,WE
BAI_BYE_bye_009.mp4,BYE
BAI_HELLO_hello_006.mp4,HELLO
ASL_43778843855311433-PLEASE.mp4,PLEASE
BAI_YOU_you_012.mp4,YOU
BAI_STOP_stop_016.mp4,STOP
BAI_DRINK1_drink_020.mp4,DRINK1
ASL_9701695309294336-THANK YOU.mp4,THANKYOU
BAI_PLEASE_please_013.mp4,PLEASE
BAI_WE_we_028.mp4,WE
BAI_WHAT1_what_041.mp4,WHAT1
BAI_WHAT1_what_040.mp4,WHAT1
ASL_5305284657006966-PLEASE.mp4,PLEASE
BAI_YOU_you_007.mp4,YOU
ASL_6229294436435182-YOU.mp4,YOU
ASL_9885737187804373-HAVE.mp4,HAVE
BAI_WHERE_there_017.mp4,WHERE
BAI_YES_yes_053.mp4,YES
BAI_WANT1_want_053.mp4,WANT1
ASL_548210838440605-YOU.mp4,YOU
BAI_WHERE_here_044.mp4,WHERE
ASL_5043430847938863-HELP.mp4,HELP
BAI_WANT1_want_050.mp4,WANT1
ASL_3878260902223658-EAT.mp4,EAT1
ASL_5706413352425115-ME.mp4,ME
BAI_WE_wet_018.mp4,WE
BAI_HELP_help_030.mp4,HELP
BAI_YES_yes_057.mp4,YES
BAI_YOU_your_013.mp4,YOU
WLASL_NO_38544.mp4,NO
BAI_WHERE_there_024.mp4,WHERE
WLASL_GO_01561.mp4,GO
ASL_09371248383875841-DRINK.mp4,DRINK1
ASL_4589443576656864-EAT.mp4,EAT1
WLASL_SLEEP_50938.mp4,SLEEP
ASL_9644130188424822-NO.mp4,NO
BAI_WHERE_there_004.mp4,WHERE
BAI_SORRY_sorry_033.mp4,SORRY
ASL_6239284754747361-EAT.mp4,EAT1
BAI_ME_me_015.mp4,ME
BAI_PLEASE_please_016.mp4,PLEASE
BAI_WHERE_where_001.mp4,WHERE
BAI_HELLO_hello_004.mp4,HELLO
ASL_4544218531641271-WE.mp4,WE
BAI_SLEEP_sleepy_002.mp4,SLEEP
BAI_NO_no_047.mp4,NO
WLASL_HELP_69364.mp4,HELP
ASL_9441415075906014-HELLO.mp4,HELLO
BAI_YOU_you_005.mp4,YOU
BAI_WHAT1_what_035.mp4,WHAT1
BAI_PLEASE_please_044.mp4,PLEASE
BAI_EAT1_eat_025.mp4,EAT1
ASL_6868122993341472-WE.mp4,WE
BAI_ME_me_037.mp4,ME
BAI_NO_no_015.mp4,NO
BAI_HELP_help_042.mp4,HELP
BAI_PLEASE_please_010.mp4,PLEASE
ASL_1532464203763655-WHAT 2.mp4,WHAT1
BAI_SORRY_sorry_027.mp4,SORRY
ASL_3407129339550383-EAT.mp4,EAT1
BAI_NO_now_052.mp4,NO
ASL_41458666491716034-HAVE.mp4,HAVE
WLASL_BYE_08514.mp4,BYE
BAI_YES_yes_011.mp4,YES
ASL_744008724339543-EAT.mp4,EAT1
BAI_NO_not_035.mp4,NO
BAI_GOOD_good_002.mp4,GOOD
BAI_NO_not_043.mp4,NO
BAI_NEED_need_053.mp4,NEED
BAI_GOOD_good_016.mp4,GOOD
ASL_274897834577152-THANK YOU.mp4,THANKYOU
BAI_WE_we_017.mp4,WE
BAI_HAVE_have_025.mp4,HAVE
BAI_NO_now_035.mp4,NO
BAI_HELLO_hello_025.mp4,HELLO
ASL_692674622436245-STOP.mp4,STOP
ASL_541403296602635-YES.mp4,YES
BAI_YES_yes_001.mp4,YES
ASL_11225598264242453-HELLO.mp4,HELLO
BAI_NO_no_028.mp4,NO
ASL_7613696736100914-HELLO.mp4,HELLO
WLASL_SLEEP_52320.mp4,SLEEP
WLASL_HAVE_50895.mp4,HAVE
WLASL_DRINK1_17712.mp4,DRINK1
BAI_WAIT_wait_019.mp4,WAIT
ASL_4223618248504115-WHERE.mp4,WHERE
BAI_HAVE_have_021.mp4,HAVE
ASL_6785992819227267-BYE.mp4,BYE
ASL_6012215303497841-EAT.mp4,EAT1
WLASL_HAVE_27078.mp4,HAVE
ASL_951965116580737-NEED.mp4,NEED
ASL_8354410716389704-GO.mp4,GO
ASL_11091344459201657-ME.mp4,ME
BAI_WE_we_008.mp4,WE
BAI_WHAT1_what_016.mp4,WHAT1
ASL_9521412407799632-GOOD.mp4,GOOD
BAI_HELP_help_019.mp4,HELP
ASL_5516631277912989-WE.mp4,WE
BAI_ME_me_024.mp4,ME
WLASL_NEED_37886.mp4,NEED
ASL_7508574803030745-WHY.mp4,WHY
WLASL_PLEASE_43226.mp4,PLEASE
BAI_SLEEP_sweep_013.mp4,SLEEP
BAI_YES_yes_033.mp4,YES
WLASL_THANKYOU_57657.mp4,THANKYOU
ASL_7634160961141707-COME.mp4,COME
WLASL_HAVE_27082.mp4,HAVE
ASL_01379619951634381-NO.mp4,NO
BAI_SLEEP_sweep_021.mp4,SLEEP
WLASL_COME_11876.mp4,COME
ASL_34076966817997323-ME.mp4,ME
BAI_PLEASE_please_047.mp4,PLEASE
BAI_WHY_why_037.mp4,WHY
BAI_NEED_need_050.mp4,NEED
BAI_HELP_help_043.mp4,HELP
BAI_HELP_help_025.mp4,HELP
BAI_YOU_your_003.mp4,YOU
WLASL_YES_20662.mp4,YES
ASL_7657802804409537-NEED.mp4,NEED
WLASL_GOOD_24915.mp4,GOOD
BAI_EAT1_eat_033.mp4,EAT1
BAI_NO_no_026.mp4,NO
ASL_8198688477414202-SLEEP.mp4,SLEEP
ASL_4843579408025589-GOOD.mp4,GOOD
ASL_8351529407222296-WHY.mp4,WHY
BAI_HELLO_hello_040.mp4,HELLO
BAI_YOU_you_048.mp4,YOU
ASL_04439224802145447-GOOD.mp4,GOOD
BAI_BYE_bye_011.mp4,BYE
BAI_NO_now_017.mp4,NO
BAI_HELLO_hello_050.mp4,HELLO
BAI_EAT1_eat_048.mp4,EAT1
WLASL_HELP_65889.mp4,HELP
ASL_0022932153577568393-HELLO.mp4,HELLO
ASL_8270409786931296-WAIT.mp4,WAIT
ASL_8187982746646938-GO.mp4,GO
BAI_HELP_help_045.mp4,HELP
BAI_SLEEP_sleepy_001.mp4,SLEEP
WLASL_HELP_27216.mp4,HELP
BAI_GOOD_good_051.mp4,GOOD
BAI_SORRY_sorry_036.mp4,SORRY
ASL_3921320702075002-COME.mp4,COME
BAI_WHERE_where_042.mp4,WHERE
BAI_WHY_why_033.mp4,WHY
BAI_WHY_why_015.mp4,WHY
BAI_SLEEP_sleepy_019.mp4,SLEEP
ASL_9710569622157019-BYE.mp4,BYE
ASL_0902884729181257-WHAT 2.mp4,WHAT1
ASL_5907336185978251-WHAT 2.mp4,WHAT1
WLASL_WHAT1_62968.mp4,WHAT1
BAI_NO_no_058.mp4,NO
ASL_6037747479203328-HELP.mp4,HELP
BAI_WHERE_here_007.mp4,WHERE
BAI_WE_wet_003.mp4,WE
ASL_583219774394824-PLEASE.mp4,PLEASE
BAI_HELLO_hello_001.mp4,HELLO
BAI_DRINK1_drink_048.mp4,DRINK1
BAI_GOOD_good_043.mp4,GOOD
BAI_YOU_your_042.mp4,YOU
BAI_NO_now_022.mp4,NO
BAI_BYE_bye_022.mp4,BYE
ASL_5148839477289167-WANT 2.mp4,WANT1
ASL_9203138462369036-HELLO.mp4,HELLO
WLASL_HELP_27214.mp4,HELP
WLASL_GO_24943.mp4,GO
BAI_WHY_why_032.mp4,WHY
ASL_7308465390923164-WHY.mp4,WHY
BAI_GO_go_029.mp4,GO
ASL_9004431867747704-PLEASE.mp4,PLEASE
ASL_666200057851841-HAVE.mp4,HAVE
ASL_5328649685588343-NO.mp4,NO
ASL_9702910950898831-HELP.mp4,HELP
WLASL_SORRY_66562.mp4,SORRY
WLASL_YOU_64380.mp4,YOU
BAI_GOOD_good_022.mp4,GOOD
WLASL_HAVE_26779.mp4,HAVE
ASL_5817237493367622-GOOD.mp4,GOOD
BAI_NO_now_045.mp4,NO
WLASL_GOOD_25066.mp4,GOOD
BAI_GO_go_024.mp4,GO
BAI_PLEASE_please_037.mp4,PLEASE
BAI_SORRY_worry_005.mp4,SORRY
BAI_SLEEP_sleep_017.mp4,SLEEP
ASL_7072634397394595-BYE.mp4,BYE
BAI_WHY_why_039.mp4,WHY
ASL_06473784191201326-DRINK.mp4,DRINK1
WLASL_WHY_63285.mp4,WHY
ASL_8114625026876388-DRINK.mp4,DRINK1
BAI_NO_no_057.mp4,NO
WLASL_HAVE_50904.mp4,HAVE
BAI_WHERE_here_029.mp4,WHERE
WLASL_EAT1_18324.mp4,EAT1
ASL_9542027365188674-NO.mp4,NO
ASL_6356514187581743-WE.mp4,WE
WLASL_SORRY_66810.mp4,SORRY
BAI_STOP_stop_003.mp4,STOP
BAI_ME_me_016.mp4,ME
ASL_9691488194951674-seedWANT 2.mp4,WANT1
BAI_HELP_help_038.mp4,HELP
BAI_WHY_why_003.mp4,WHY
BAI_WHAT1_what_038.mp4,WHAT1
BAI_ME_me_001.mp4,ME
BAI_EAT1_eat_027.mp4,EAT1
WLASL_WHAT1_69531.mp4,WHAT1
BAI_WE_we_005.mp4,WE
BAI_NO_now_040.mp4,NO
WLASL_EAT1_18329.mp4,EAT1
BAI_HELP_help_039.mp4,HELP
BAI_YOU_your_026.mp4,YOU
BAI_NO_no_001.mp4,NO
BAI_WHAT1_what_031.mp4,WHAT1
ASL_5726113697968809-HELP.mp4,HELP
BAI_EAT1_eat_034.mp4,EAT1
BAI_WHERE_here_027.mp4,WHERE
WLASL_WHERE_57832.mp4,WHERE
BAI_NO_no_039.mp4,NO
BAI_HELP_help_047.mp4,HELP
ASL_0392835216734122-EAT.mp4,EAT1
BAI_WHERE_where_035.mp4,WHERE
WLASL_DRINK1_65539.mp4,DRINK1
BAI_NO_not_012.mp4,NO
BAI_YOU_you_023.mp4,YOU
ASL_0863524332460317-WAIT.mp4,WAIT
ASL_5327840336837257-YES.mp4,YES
ASL_3347819641252294-HELP.mp4,HELP
BAI_NO_now_043.mp4,NO
WLASL_WANT1_62246.mp4,WANT1
BAI_NO_not_041.mp4,NO
BAI_NEED_need_029.mp4,NEED
BAI_HELLO_hello_031.mp4,HELLO
BAI_YES_yes_009.mp4,YES
BAI_WHERE_where_037.mp4,WHERE
WLASL_WHAT1_62979.mp4,WHAT1
BAI_WHAT1_what_020.mp4,WHAT1
WLASL_WHY_63282.mp4,WHY
BAI_WANT1_want_031.mp4,WANT1
BAI_YES_yes_013.mp4,YES
WLASL_SORRY_63879.mp4,SORRY
BAI_NO_now_003.mp4,NO
ASL_3982436455452034-HELP.mp4,HELP
BAI_WAIT_wait_025.mp4,WAIT
ASL_3919396171653571-NO.mp4,NO
BAI_HELP_help_049.mp4,HELP
BAI_NO_no_005.mp4,NO
BAI_PLEASE_please_024.mp4,PLEASE
WLASL_WAIT_62092.mp4,WAIT
ASL_23302415519785113-NEED.mp4,NEED
BAI_HELP_help_008.mp4,HELP
BAI_WHERE_where_019.mp4,WHERE
BAI_WHERE_here_032.mp4,WHERE
ASL_027816838285841916-WHAT 2.mp4,WHAT1
BAI_GOOD_good_007.mp4,GOOD
BAI_EAT1_eat_057.mp4,EAT1
BAI_ME_me_007.mp4,ME
BAI_SLEEP_sleepy_016.mp4,SLEEP
BAI_NO_now_028.mp4,NO
ASL_5723102083146778-BYE.mp4,BYE
ASL_8782648080433364-WANT 2.mp4,WANT1
ASL_2775935043696396-YOU.mp4,YOU
BAI_NO_now_006.mp4,NO
ASL_6807479789190645-WAIT.mp4,WAIT
BAI_HELLO_hello_023.mp4,HELLO
BAI_WANT1_want_041.mp4,WANT1
BAI_NEED_need_057.mp4,NEED
BAI_YOU_your_039.mp4,YOU
ASL_0035172227152260316-ME.mp4,ME
BAI_YES_yes_028.mp4,YES
BAI_EAT1_eat_024.mp4,EAT1
BAI_WHERE_where_020.mp4,WHERE
BAI_WHERE_there_012.mp4,WHERE
ASL_7315727436787696-PLEASE.mp4,PLEASE
ASL_42561609545136014-COME.mp4,COME
ASL_24903533651693976-seedYOU.mp4,YOU
ASL_6451705780589494-WHAT 2.mp4,WHAT1
ASL_5132756077874947-WHY.mp4,WHY
BAI_YOU_your_037.mp4,YOU
BAI_NO_no_003.mp4,NO
BAI_WANT1_want_001.mp4,WANT1
BAI_WHY_why_013.mp4,WHY
BAI_DRINK1_drink_010.mp4,DRINK1
ASL_5358275641298946-COME.mp4,COME
WLASL_YES_64292.mp4,YES
WLASL_COME_05617.mp4,COME
ASL_873539016146136-WHAT 2.mp4,WHAT1
ASL_298155207775465-YOU.mp4,YOU
BAI_SLEEP_sweep_022.mp4,SLEEP
BAI_ME_me_032.mp4,ME
ASL_15769775934939156-THANK YOU.mp4,THANKYOU
BAI_EAT1_eat_035.mp4,EAT1
BAI_GOOD_good_045.mp4,GOOD
BAI_DRINK1_drink_001.mp4,DRINK1
BAI_SORRY_worry_019.mp4,SORRY
BAI_PLEASE_please_011.mp4,PLEASE
ASL_5956139983741693-PLEASE.mp4,PLEASE
WLASL_WAIT_62106.mp4,WAIT
BAI_WHERE_here_016.mp4,WHERE
BAI_HAVE_have_005.mp4,HAVE
BAI_NEED_need_051.mp4,NEED
ASL_32838564647007873-SLEEP.mp4,SLEEP
BAI_WHERE_where_002.mp4,WHERE
BAI_NO_no_035.mp4,NO
BAI_SORRY_worry_010.mp4,SORRY
BAI_HAVE_have_040.mp4,HAVE
BAI_SORRY_worry_007.mp4,SORRY
WLASL_YES_69546.mp4,YES
BAI_YES_eyes_002.mp4,YES
BAI_WANT1_want_020.mp4,WANT1
BAI_NEED_need_046.mp4,NEED
BAI_WHERE_here_036.mp4,WHERE
ASL_5199177562877719-GOOD.mp4,GOOD
ASL_41279108584600577-YES.mp4,YES
BAI_NO_now_002.mp4,NO
BAI_NO_no_048.mp4,NO
WLASL_SORRY_55003.mp4,SORRY
ASL_05859480723249688-PLEASE.mp4,PLEASE
BAI_WAIT_waiter_012.mp4,WAIT
BAI_HELLO_hello_038.mp4,HELLO
BAI_SLEEP_sleepy_013.mp4,SLEEP
BAI_SLEEP_sweep_015.mp4,SLEEP
ASL_677386009297865-YOU.mp4,YOU
ASL_5586839450092025-GOOD.mp4,GOOD
BAI_EAT1_eat_026.mp4,EAT1
BAI_WAIT_wait_014.mp4,WAIT
WLASL_NO_39006.mp4,NO
WLASL_COME_11882.mp4,COME
BAI_SORRY_sorry_009.mp4,SORRY
BAI_DRINK1_drink_042.mp4,DRINK1
BAI_HELP_help_024.mp4,HELP
ASL_37275461912744046-WHERE.mp4,WHERE
BAI_DRINK1_drink_046.mp4,DRINK1
ASL_6220173213417262-WHY.mp4,WHY
BAI_NEED_need_015.mp4,NEED
ASL_5372668319999747-NO.mp4,NO
ASL_32941176670637984-YES.mp4,YES
ASL_10667360637258794-SLEEP.mp4,SLEEP
ASL_38099175964004983-WHY.mp4,WHY
WLASL_GO_01564.mp4,GO
WLASL_WHY_63292.mp4,WHY
BAI_WHAT1_what_042.mp4,WHAT1
BAI_HELLO_hello_036.mp4,HELLO
ASL_07893366237759558-STOP.mp4,STOP
BAI_HELLO_hello_003.mp4,HELLO
ASL_032534532433647456-HELP.mp4,HELP
ASL_8594289353554898-SORRY.mp4,SORRY
BAI_YOU_you_021.mp4,YOU
BAI_WHY_why_023.mp4,WHY
BAI_NO_no_040.mp4,NO
BAI_SLEEP_sweep_014.mp4,SLEEP
WLASL_DRINK1_17721.mp4,DRINK1
BAI_NO_now_016.mp4,NO
BAI_BYE_bye_024.mp4,BYE
BAI_EAT1_eat_055.mp4,EAT1
BAI_GOOD_good_030.mp4,GOOD
WLASL_NO_38532.mp4,NO
BAI_NO_no_032.mp4,NO
WLASL_WE_40657.mp4,WE
BAI_WHY_why_011.mp4,WHY
ASL_9220637121525757-SORRY.mp4,SORRY
BAI_EAT1_eat_059.mp4,EAT1
WLASL_PLEASE_43220.mp4,PLEASE
BAI_HELLO_hello_032.mp4,HELLO
BAI_WHY_why_012.mp4,WHY
BAI_SORRY_sorry_035.mp4,SORRY
ASL_9085692028177397-WANT 2.mp4,WANT1
BAI_YOU_you_037.mp4,YOU
BAI_DRINK1_drink_029.mp4,DRINK1
ASL_03554605558492718-ME.mp4,ME
WLASL_SLEEP_50934.mp4,SLEEP
BAI_YOU_your_022.mp4,YOU
BAI_SLEEP_sweep_017.mp4,SLEEP
BAI_PLEASE_please_019.mp4,PLEASE
BAI_WHY_why_031.mp4,WHY
ASL_009620790877519658-seedWHY.mp4,WHY
ASL_15046472702938374-HELP.mp4,HELP
BAI_SLEEP_sweep_008.mp4,SLEEP
BAI_WANT1_want_033.mp4,WANT1
BAI_WE_we_021.mp4,WE
BAI_WANT1_want_029.mp4,WANT1
BAI_WHERE_there_021.mp4,WHERE
BAI_SLEEP_sleep_007.mp4,SLEEP
BAI_EAT1_eat_030.mp4,EAT1
BAI_SLEEP_sheep_005.mp4,SLEEP
ASL_9042145214602195-HELLO.mp4,HELLO
BAI_GO_go_007.mp4,GO
ASL_44817736125778374-HELP.mp4,HELP
ASL_7640667133656183-EAT.mp4,EAT1
WLASL_YES_64284.mp4,YES
ASL_9979731168048327-NO.mp4,NO
BAI_HAVE_have_018.mp4,HAVE
BAI_WANT1_want_032.mp4,WANT1
BAI_SLEEP_sleep_013.mp4,SLEEP
BAI_DRINK1_drink_021.mp4,DRINK1
BAI_NO_no_061.mp4,NO
BAI_SLEEP_sheep_009.mp4,SLEEP
BAI_NO_now_049.mp4,NO
BAI_WHY_why_001.mp4,WHY
BAI_EAT1_eat_018.mp4,EAT1
BAI_YES_eyes_014.mp4,YES
ASL_1567731206602907-WANT 2.mp4,WANT1
BAI_SLEEP_sweep_004.mp4,SLEEP
ASL_933847098991408-HAVE.mp4,HAVE
WLASL_YOU_64381.mp4,YOU
BAI_NO_no_013.mp4,NO
BAI_STOP_stop_007.mp4,STOP
ASL_4615046990058205-YOU.mp4,YOU
BAI_SLEEP_sleep_009.mp4,SLEEP
ASL_9739021665350334-YOU.mp4,YOU
BAI_YES_yes_052.mp4,YES
BAI_YOU_your_005.mp4,YOU
ASL_9812515328553977-DRINK.mp4,DRINK1
WLASL_WHAT1_62966.mp4,WHAT1
BAI_WHERE_here_013.mp4,WHERE
BAI_SORRY_sorry_040.mp4,SORRY
BAI_GOOD_good_056.mp4,GOOD
ASL_6863272868161578-DRINK.mp4,DRINK1
ASL_5103688507862052-SLEEP.mp4,SLEEP
BAI_STOP_stop_020.mp4,STOP
ASL_1636390875008531-SORRY.mp4,SORRY
ASL_3790733585897841-seedTHANK YOU.mp4,THANKYOU
BAI_WANT1_want_055.mp4,WANT1
BAI_DRINK1_drink_015.mp4,DRINK1
BAI_YES_yes_056.mp4,YES
WLASL_SLEEP_56284.mp4,SLEEP
BAI_GOOD_good_025.mp4,GOOD
ASL_5974251648548923-BYE.mp4,BYE
BAI_BYE_bye_001.mp4,BYE
BAI_WHERE_where_045.mp4,WHERE
BAI_ME_me_012.mp4,ME
ASL_20675411351630046-HELLO.mp4,HELLO
BAI_ME_me_017.mp4,ME
WLASL_WANT1_62250.mp4,WANT1
BAI_WHERE_here_043.mp4,WHERE
BAI_GOOD_good_018.mp4,GOOD
BAI_WHERE_where_026.mp4,WHERE
WLASL_GO_24941.mp4,GO
BAI_HAVE_have_012.mp4,HAVE
BAI_SLEEP_sleepy_009.mp4,SLEEP
BAI_COME_become_013.mp4,COME
WLASL_WANT1_62247.mp4,WANT1
ASL_14563849425095032-WE.mp4,WE
ASL_32552115561898876-WHERE.mp4,WHERE
BAI_WHAT1_what_001.mp4,WHAT1
ASL_7813105619399183-GO.mp4,GO
BAI_YOU_your_044.mp4,YOU
BAI_YOU_you_046.mp4,YOU
BAI_EAT1_eat_009.mp4,EAT1
BAI_HELLO_hello_013.mp4,HELLO
BAI_YOU_your_036.mp4,YOU
ASL_6062829066450051-WE.mp4,WE
BAI_WHY_why_027.mp4,WHY
BAI_YES_yes_018.mp4,YES
BAI_NO_now_034.mp4,NO
BAI_HELLO_hello_014.mp4,HELLO
BAI_WAIT_waiter_011.mp4,WAIT
BAI_EAT1_eat_047.mp4,EAT1
ASL_5691724461344478-ME.mp4,ME
ASL_9165653074606479-HELP.mp4,HELP
ASL_36220708618174635-seedEAT.mp4,EAT1
ASL_31477726769914227-EAT.mp4,EAT1
BAI_WHY_why_006.mp4,WHY
BAI_EAT1_eat_017.mp4,EAT1
BAI_ME_me_031.mp4,ME
WLASL_HELP_27213.mp4,HELP
ASL_30148795754394175-EAT.mp4,EAT1
WLASL_WANT1_69524.mp4,WANT1
WLASL_GO_01552.mp4,GO
ASL_6999394901611251-WHERE.mp4,WHERE
BAI_ME_me_005.mp4,ME
BAI_PLEASE_please_009.mp4,PLEASE
ASL_19958109281644143-WANT 2.mp4,WANT1
ASL_19643383002170656-YOU.mp4,YOU
ASL_46005351531190786-WHAT 2.mp4,WHAT1
BAI_NO_now_009.mp4,NO
ASL_680707762189654-STOP.mp4,STOP
ASL_08573458832549319-NEED.mp4,NEED
BAI_HAVE_have_001.mp4,HAVE
ASL_9729998715398667-BYE.mp4,BYE
BAI_WHERE_where_025.mp4,WHERE
BAI_STOP_stop_009.mp4,STOP
BAI_WHAT1_what_003.mp4,WHAT1
BAI_DRINK1_drink_025.mp4,DRINK1
BAI_NO_no_060.mp4,NO
WLASL_DRINK1_17733.mp4,DRINK1
ASL_8941049731507169-ME.mp4,ME
BAI_YOU_you_024.mp4,YOU
BAI_YOU_your_001.mp4,YOU
BAI_SORRY_sorry_007.mp4,SORRY
BAI_WHY_why_038.mp4,WHY
ASL_5948912677856568-GOOD.mp4,GOOD
ASL_8323715285073319-NO.mp4,NO
BAI_WHERE_where_039.mp4,WHERE
ASL_04515307711600891-PLEASE.mp4,PLEASE
WLASL_DRINK1_17710.mp4,DRINK1
BAI_NO_not_038.mp4,NO
ASL_9161842981344352-YES.mp4,YES
BAI_HAVE_have_015.mp4,HAVE
WLASL_WHERE_27263.mp4,WHERE
BAI_DRINK1_drink_044.mp4,DRINK1
ASL_8801114874556712-WANT 2.mp4,WANT1
BAI_NO_no_011.mp4,NO
BAI_EAT1_eat_056.mp4,EAT1
WLASL_NEED_37894.mp4,NEED
BAI_HELLO_hello_035.mp4,HELLO
ASL_7597723277213178-HELLO.mp4,HELLO
ASL_21963390619756917-STOP.mp4,STOP
BAI_NO_now_026.mp4,NO
BAI_YOU_your_038.mp4,YOU
BAI_WAIT_wait_001.mp4,WAIT
BAI_GO_go_028.mp4,GO
BAI_DRINK1_drink_005.mp4,DRINK1
BAI_WHERE_where_040.mp4,WHERE
ASL_37372322284413917-NEED.mp4,NEED
ASL_9338005039430839-GOOD.mp4,GOOD
BAI_NEED_need_014.mp4,NEED
BAI_WE_wet_006.mp4,WE
ASL_05574938180658928-YES.mp4,YES
ASL_6967335705063062-HELP.mp4,HELP
BAI_WHERE_there_018.mp4,WHERE
BAI_DRINK1_drink_055.mp4,DRINK1
BAI_WHY_why_014.mp4,WHY
WLASL_GOOD_24922.mp4,GOOD
BAI_NEED_need_012.mp4,NEED
BAI_EAT1_eat_053.mp4,EAT1
WLASL_DRINK1_17711.mp4,DRINK1
BAI_GOOD_good_048.mp4,GOOD
BAI_EAT1_eat_052.mp4,EAT1
ASL_980212048263337-DRINK.mp4,DRINK1
BAI_WHERE_there_022.mp4,WHERE
BAI_WHERE_here_050.mp4,WHERE
BAI_NO_no_038.mp4,NO
BAI_WANT1_want_057.mp4,WANT1
ASL_7199140986089654-YES.mp4,YES
ASL_9155674205578053-WHAT 2.mp4,WHAT1
ASL_7973429116215278-NO.mp4,NO
BAI_NO_no_044.mp4,NO
ASL_22733514464849502-HAVE.mp4,HAVE
BAI_NO_not_019.mp4,NO
BAI_GO_go_019.mp4,GO
BAI_NO_not_032.mp4,NO
ASL_9756165063743225-GOOD.mp4,GOOD
BAI_WHY_why_008.mp4,WHY
BAI_WHERE_here_045.mp4,WHERE
ASL_12188061798454708-STOP.mp4,STOP
BAI_WAIT_waiter_008.mp4,WAIT
BAI_STOP_stop_017.mp4,STOP
ASL_7791424980867376-GOOD.mp4,GOOD
BAI_PLEASE_please_026.mp4,PLEASE
BAI_WHERE_here_010.mp4,WHERE
BAI_WHAT1_what_030.mp4,WHAT1
BAI_DRINK1_drink_030.mp4,DRINK1
BAI_WAIT_wait_018.mp4,WAIT
BAI_HELLO_hello_017.mp4,HELLO
BAI_WANT1_want_040.mp4,WANT1
ASL_1917265918954878-GO.mp4,GO
ASL_9788744210187619-NEED.mp4,NEED
ASL_8487114823108493-THANK YOU.mp4,THANKYOU
BAI_HAVE_have_041.mp4,HAVE
WLASL_WE_62776.mp4,WE
ASL_081380748015633-HELLO.mp4,HELLO
ASL_5254351100197965-HELLO.mp4,HELLO
ASL_3064521963954243-seedHAVE.mp4,HAVE
BAI_WANT1_want_022.mp4,WANT1
ASL_21416838482074008-STOP.mp4,STOP
ASL_7699430066397663-GOOD.mp4,GOOD
BAI_GOOD_good_037.mp4,GOOD
ASL_5194308575650113-WHERE.mp4,WHERE
BAI_STOP_stop_013.mp4,STOP
BAI_GOOD_good_036.mp4,GOOD
BAI_YOU_you_025.mp4,YOU
ASL_8699610978899361-YES.mp4,YES
BAI_YOU_you_035.mp4,YOU
ASL_7327271470470507-EAT.mp4,EAT1
ASL_4266956774131161-DRINK.mp4,DRINK1
BAI_WHERE_here_004.mp4,WHERE
ASL_8541893071831477-SLEEP.mp4,SLEEP
BAI_ME_me_014.mp4,ME
BAI_WE_we_016.mp4,WE
WLASL_GOOD_24914.mp4,GOOD
BAI_WE_we_027.mp4,WE
BAI_WHERE_here_001.mp4,WHERE
WLASL_WANT1_62259.mp4,WANT1
BAI_BYE_bye_013.mp4,BYE
BAI_YOU_you_039.mp4,YOU
BAI_WE_we_022.mp4,WE
BAI_SORRY_sorry_038.mp4,SORRY
BAI_NO_no_043.mp4,NO
WLASL_PLEASE_69434.mp4,PLEASE
WLASL_COME_65160.mp4,COME
BAI_COME_become_001.mp4,COME
ASL_913200910487086-HAVE.mp4,HAVE
WLASL_NO_38858.mp4,NO
ASL_48432220527537195-WANT 2.mp4,WANT1
BAI_HELP_help_051.mp4,HELP
BAI_HAVE_have_004.mp4,HAVE
BAI_SORRY_sorry_028.mp4,SORRY
WLASL_NO_38863.mp4,NO
BAI_YES_eyes_017.mp4,YES
BAI_NO_not_013.mp4,NO
ASL_5547769757240029-YOU.mp4,YOU
BAI_COME_come_001.mp4,COME
BAI_NO_not_039.mp4,NO
BAI_EAT1_eat_046.mp4,EAT1
WLASL_NEED_37883.mp4,NEED
ASL_03323585576449206-YOU.mp4,YOU
BAI_NEED_need_019.mp4,NEED
BAI_NO_not_014.mp4,NO
ASL_6892111735827193-NEED.mp4,NEED
BAI_NEED_need_058.mp4,NEED
BAI_WAIT_wait_024.mp4,WAIT
ASL_3304178516222478-NEED.mp4,NEED
ASL_25398273569443774-EAT.mp4,EAT1
BAI_YOU_you_042.mp4,YOU
